coach_id,journey_id,coach_number,coach_type,class_code,seat_capacity
CO000001,J000001,B1,AC_THREE_TIER,3A,64
CO000002,J000001,B2,AC_THREE_TIER,3A,64
CO000003,J000001,B3,AC_THREE_TIER,3A,64
CO000004,J000001,B4,AC_THREE_TIER,3A,64
CO000005,J000001,A1,AC_TWO_TIER,2A,48
CO000006,J000001,A2,AC_TWO_TIER,2A,48
CO000007,J000001,S1,SLEEPER,SL,72
CO000008,J000001,S2,SLEEPER,SL,72
CO000009,J000001,S3,SLEEPER,SL,72
CO000010,J000001,S4,SLEEPER,SL,72
CO000011,J000001,S5,SLEEPER,SL,72
CO000012,J000002,B1,AC_THREE_TIER,3A,64
CO000013,J000002,B2,AC_THREE_TIER,3A,64
CO000014,J000002,B3,AC_THREE_TIER,3A,64
CO000015,J000002,B4,AC_THREE_TIER,3A,64
CO000016,J000002,A1,AC_TWO_TIER,2A,48
CO000017,J000002,A2,AC_TWO_TIER,2A,48
CO000018,J000002,S1,SLEEPER,SL,72
CO000019,J000002,S2,SLEEPER,SL,72
CO000020,J000002,S3,SLEEPER,SL,72
CO000021,J000002,S4,SLEEPER,SL,72
CO000022,J000002,S5,SLEEPER,SL,72
CO000023,J000003,B1,AC_THREE_TIER,3A,64
CO000024,J000003,B2,AC_THREE_TIER,3A,64
CO000025,J000003,B3,AC_THREE_TIER,3A,64
CO000026,J000003,B4,AC_THREE_TIER,3A,64
CO000027,J000003,A1,AC_TWO_TIER,2A,48
CO000028,J000003,A2,AC_TWO_TIER,2A,48
CO000029,J000003,S1,SLEEPER,SL,72
CO000030,J000003,S2,SLEEPER,SL,72
CO000031,J000003,S3,SLEEPER,SL,72
CO000032,J000003,S4,SLEEPER,SL,72
CO000033,J000003,S5,SLEEPER,SL,72
CO000034,J000004,B1,AC_THREE_TIER,3A,64
CO000035,J000004,B2,AC_THREE_TIER,3A,64
CO000036,J000004,B3,AC_THREE_TIER,3A,64
CO000037,J000004,B4,AC_THREE_TIER,3A,64
CO000038,J000004,A1,AC_TWO_TIER,2A,48
CO000039,J000004,A2,AC_TWO_TIER,2A,48
CO000040,J000004,S1,SLEEPER,SL,72
CO000041,J000004,S2,SLEEPER,SL,72
CO000042,J000004,S3,SLEEPER,SL,72
CO000043,J000004,S4,SLEEPER,SL,72
CO000044,J000004,S5,SLEEPER,SL,72
CO000045,J000005,B1,AC_THREE_TIER,3A,64
CO000046,J000005,B2,AC_THREE_TIER,3A,64
CO000047,J000005,B3,AC_THREE_TIER,3A,64
CO000048,J000005,B4,AC_THREE_TIER,3A,64
CO000049,J000005,A1,AC_TWO_TIER,2A,48
CO000050,J000005,A2,AC_TWO_TIER,2A,48
CO000051,J000005,S1,SLEEPER,SL,72
CO000052,J000005,S2,SLEEPER,SL,72
CO000053,J000005,S3,SLEEPER,SL,72
CO000054,J000005,S4,SLEEPER,SL,72
CO000055,J000005,S5,SLEEPER,SL,72
CO000056,J000006,B1,AC_THREE_TIER,3A,64
CO000057,J000006,B2,AC_THREE_TIER,3A,64
CO000058,J000006,B3,AC_THREE_TIER,3A,64
CO000059,J000006,B4,AC_THREE_TIER,3A,64
CO000060,J000006,A1,AC_TWO_TIER,2A,48
CO000061,J000006,A2,AC_TWO_TIER,2A,48
CO000062,J000006,S1,SLEEPER,SL,72
CO000063,J000006,S2,SLEEPER,SL,72
CO000064,J000006,S3,SLEEPER,SL,72
CO000065,J000006,S4,SLEEPER,SL,72
CO000066,J000006,S5,SLEEPER,SL,72
CO000067,J000007,C1,CHAIR_CAR,CC,78
CO000068,J000007,C2,CHAIR_CAR,CC,78
CO000069,J000007,C3,CHAIR_CAR,CC,78
CO000070,J000007,C4,CHAIR_CAR,CC,78
CO000071,J000007,C5,CHAIR_CAR,CC,78
CO000072,J000007,C6,CHAIR_CAR,CC,78
CO000073,J000007,E1,EXECUTIVE_CHAIR_CAR,EC,56
CO000074,J000007,E2,EXECUTIVE_CHAIR_CAR,EC,56
CO000075,J000008,C1,CHAIR_CAR,CC,78
CO000076,J000008,C2,CHAIR_CAR,CC,78
CO000077,J000008,C3,CHAIR_CAR,CC,78
CO000078,J000008,C4,CHAIR_CAR,CC,78
CO000079,J000008,C5,CHAIR_CAR,CC,78
CO000080,J000008,C6,CHAIR_CAR,CC,78
CO000081,J000008,E1,EXECUTIVE_CHAIR_CAR,EC,56
CO000082,J000008,E2,EXECUTIVE_CHAIR_CAR,EC,56
CO000083,J000009,C1,CHAIR_CAR,CC,78
CO000084,J000009,C2,CHAIR_CAR,CC,78
CO000085,J000009,C3,CHAIR_CAR,CC,78
CO000086,J000009,C4,CHAIR_CAR,CC,78
CO000087,J000009,C5,CHAIR_CAR,CC,78
CO000088,J000009,C6,CHAIR_CAR,CC,78
CO000089,J000009,E1,EXECUTIVE_CHAIR_CAR,EC,56
CO000090,J000009,E2,EXECUTIVE_CHAIR_CAR,EC,56
CO000091,J000010,C1,CHAIR_CAR,CC,78
CO000092,J000010,C2,CHAIR_CAR,CC,78
CO000093,J000010,C3,CHAIR_CAR,CC,78
CO000094,J000010,C4,CHAIR_CAR,CC,78
CO000095,J000010,C5,CHAIR_CAR,CC,78
CO000096,J000010,C6,CHAIR_CAR,CC,78
CO000097,J000010,E1,EXECUTIVE_CHAIR_CAR,EC,56
CO000098,J000010,E2,EXECUTIVE_CHAIR_CAR,EC,56
CO000099,J000011,C1,CHAIR_CAR,CC,78
CO000100,J000011,C2,CHAIR_CAR,CC,78
CO000101,J000011,C3,CHAIR_CAR,CC,78
CO000102,J000011,C4,CHAIR_CAR,CC,78
CO000103,J000011,C5,CHAIR_CAR,CC,78
CO000104,J000011,C6,CHAIR_CAR,CC,78
CO000105,J000011,E1,EXECUTIVE_CHAIR_CAR,EC,56
CO000106,J000011,E2,EXECUTIVE_CHAIR_CAR,EC,56
CO000107,J000012,C1,CHAIR_CAR,CC,78
CO000108,J000012,C2,CHAIR_CAR,CC,78
CO000109,J000012,C3,CHAIR_CAR,CC,78
CO000110,J000012,C4,CHAIR_CAR,CC,78
CO000111,J000012,C5,CHAIR_CAR,CC,78
CO000112,J000012,C6,CHAIR_CAR,CC,78
CO000113,J000012,E1,EXECUTIVE_CHAIR_CAR,EC,56
CO000114,J000012,E2,EXECUTIVE_CHAIR_CAR,EC,56
CO000115,J000013,C1,CHAIR_CAR,CC,78
CO000116,J000013,C2,CHAIR_CAR,CC,78
CO000117,J000013,C3,CHAIR_CAR,CC,78
CO000118,J000013,C4,CHAIR_CAR,CC,78
CO000119,J000013,C5,CHAIR_CAR,CC,78
CO000120,J000013,C6,CHAIR_CAR,CC,78
CO000121,J000013,C7,CHAIR_CAR,CC,78
CO000122,J000013,E1,EXECUTIVE_CHAIR_CAR,EC,56
CO000123,J000013,E2,EXECUTIVE_CHAIR_CAR,EC,56
CO000124,J000014,C1,CHAIR_CAR,CC,78
CO000125,J000014,C2,CHAIR_CAR,CC,78
CO000126,J000014,C3,CHAIR_CAR,CC,78
CO000127,J000014,C4,CHAIR_CAR,CC,78
CO000128,J000014,C5,CHAIR_CAR,CC,78
CO000129,J000014,C6,CHAIR_CAR,CC,78
CO000130,J000014,C7,CHAIR_CAR,CC,78
CO000131,J000014,E1,EXECUTIVE_CHAIR_CAR,EC,56
CO000132,J000014,E2,EXECUTIVE_CHAIR_CAR,EC,56
CO000133,J000015,C1,CHAIR_CAR,CC,78
CO000134,J000015,C2,CHAIR_CAR,CC,78
CO000135,J000015,C3,CHAIR_CAR,CC,78
CO000136,J000015,C4,CHAIR_CAR,CC,78
CO000137,J000015,C5,CHAIR_CAR,CC,78
CO000138,J000015,C6,CHAIR_CAR,CC,78
CO000139,J000015,C7,CHAIR_CAR,CC,78
CO000140,J000015,E1,EXECUTIVE_CHAIR_CAR,EC,56
CO000141,J000015,E2,EXECUTIVE_CHAIR_CAR,EC,56
CO000142,J000016,C1,CHAIR_CAR,CC,78
CO000143,J000016,C2,CHAIR_CAR,CC,78
CO000144,J000016,C3,CHAIR_CAR,CC,78
CO000145,J000016,C4,CHAIR_CAR,CC,78
CO000146,J000016,C5,CHAIR_CAR,CC,78
CO000147,J000016,C6,CHAIR_CAR,CC,78
CO000148,J000016,C7,CHAIR_CAR,CC,78
CO000149,J000016,E1,EXECUTIVE_CHAIR_CAR,EC,56
CO000150,J000016,E2,EXECUTIVE_CHAIR_CAR,EC,56
CO000151,J000017,C1,CHAIR_CAR,CC,78
CO000152,J000017,C2,CHAIR_CAR,CC,78
CO000153,J000017,C3,CHAIR_CAR,CC,78
CO000154,J000017,C4,CHAIR_CAR,CC,78
CO000155,J000017,C5,CHAIR_CAR,CC,78
CO000156,J000017,C6,CHAIR_CAR,CC,78
CO000157,J000017,C7,CHAIR_CAR,CC,78
CO000158,J000017,E1,EXECUTIVE_CHAIR_CAR,EC,56
CO000159,J000017,E2,EXECUTIVE_CHAIR_CAR,EC,56
CO000160,J000018,C1,CHAIR_CAR,CC,78
CO000161,J000018,C2,CHAIR_CAR,CC,78
CO000162,J000018,C3,CHAIR_CAR,CC,78
CO000163,J000018,C4,CHAIR_CAR,CC,78
CO000164,J000018,C5,CHAIR_CAR,CC,78
CO000165,J000018,C6,CHAIR_CAR,CC,78
CO000166,J000018,C7,CHAIR_CAR,CC,78
CO000167,J000018,E1,EXECUTIVE_CHAIR_CAR,EC,56
CO000168,J000018,E2,EXECUTIVE_CHAIR_CAR,EC,56
CO000169,J000019,B1,AC_THREE_TIER,3A,64
CO000170,J000019,B2,AC_THREE_TIER,3A,64
CO000171,J000019,B3,AC_THREE_TIER,3A,64
CO000172,J000019,B4,AC_THREE_TIER,3A,64
CO000173,J000019,A1,AC_TWO_TIER,2A,48
CO000174,J000019,A2,AC_TWO_TIER,2A,48
CO000175,J000019,S1,SLEEPER,SL,72
CO000176,J000019,S2,SLEEPER,SL,72
CO000177,J000019,S3,SLEEPER,SL,72
CO000178,J000019,S4,SLEEPER,SL,72
CO000179,J000019,S5,SLEEPER,SL,72
CO000180,J000020,B1,AC_THREE_TIER,3A,64
CO000181,J000020,B2,AC_THREE_TIER,3A,64
CO000182,J000020,B3,AC_THREE_TIER,3A,64
CO000183,J000020,B4,AC_THREE_TIER,3A,64
CO000184,J000020,A1,AC_TWO_TIER,2A,48
CO000185,J000020,A2,AC_TWO_TIER,2A,48
CO000186,J000020,S1,SLEEPER,SL,72
CO000187,J000020,S2,SLEEPER,SL,72
CO000188,J000020,S3,SLEEPER,SL,72
CO000189,J000020,S4,SLEEPER,SL,72
CO000190,J000020,S5,SLEEPER,SL,72
CO000191,J000021,B1,AC_THREE_TIER,3A,64
CO000192,J000021,B2,AC_THREE_TIER,3A,64
CO000193,J000021,B3,AC_THREE_TIER,3A,64
CO000194,J000021,B4,AC_THREE_TIER,3A,64
CO000195,J000021,A1,AC_TWO_TIER,2A,48
CO000196,J000021,A2,AC_TWO_TIER,2A,48
CO000197,J000021,S1,SLEEPER,SL,72
CO000198,J000021,S2,SLEEPER,SL,72
CO000199,J000021,S3,SLEEPER,SL,72
CO000200,J000021,S4,SLEEPER,SL,72
CO000201,J000021,S5,SLEEPER,SL,72
CO000202,J000022,B1,AC_THREE_TIER,3A,64
CO000203,J000022,B2,AC_THREE_TIER,3A,64
CO000204,J000022,B3,AC_THREE_TIER,3A,64
CO000205,J000022,B4,AC_THREE_TIER,3A,64
CO000206,J000022,A1,AC_TWO_TIER,2A,48
CO000207,J000022,A2,AC_TWO_TIER,2A,48
CO000208,J000022,S1,SLEEPER,SL,72
CO000209,J000022,S2,SLEEPER,SL,72
CO000210,J000022,S3,SLEEPER,SL,72
CO000211,J000022,S4,SLEEPER,SL,72
CO000212,J000022,S5,SLEEPER,SL,72
CO000213,J000023,B1,AC_THREE_TIER,3A,64
CO000214,J000023,B2,AC_THREE_TIER,3A,64
CO000215,J000023,B3,AC_THREE_TIER,3A,64
CO000216,J000023,B4,AC_THREE_TIER,3A,64
CO000217,J000023,A1,AC_TWO_TIER,2A,48
CO000218,J000023,A2,AC_TWO_TIER,2A,48
CO000219,J000023,S1,SLEEPER,SL,72
CO000220,J000023,S2,SLEEPER,SL,72
CO000221,J000023,S3,SLEEPER,SL,72
CO000222,J000023,S4,SLEEPER,SL,72
CO000223,J000023,S5,SLEEPER,SL,72
CO000224,J000024,B1,AC_THREE_TIER,3A,64
CO000225,J000024,B2,AC_THREE_TIER,3A,64
CO000226,J000024,B3,AC_THREE_TIER,3A,64
CO000227,J000024,B4,AC_THREE_TIER,3A,64
CO000228,J000024,A1,AC_TWO_TIER,2A,48
CO000229,J000024,A2,AC_TWO_TIER,2A,48
CO000230,J000024,S1,SLEEPER,SL,72
CO000231,J000024,S2,SLEEPER,SL,72
CO000232,J000024,S3,SLEEPER,SL,72
CO000233,J000024,S4,SLEEPER,SL,72
CO000234,J000024,S5,SLEEPER,SL,72
CO000235,J000025,S1,SLEEPER,SL,72
CO000236,J000025,S2,SLEEPER,SL,72
CO000237,J000025,S3,SLEEPER,SL,72
CO000238,J000025,S4,SLEEPER,SL,72
CO000239,J000025,S5,SLEEPER,SL,72
CO000240,J000025,S6,SLEEPER,SL,72
CO000241,J000025,S7,SLEEPER,SL,72
CO000242,J000025,S8,SLEEPER,SL,72
CO000243,J000025,B1,AC_THREE_TIER,3A,64
CO000244,J000025,B2,AC_THREE_TIER,3A,64
CO000245,J000025,B3,AC_THREE_TIER,3A,64
CO000246,J000025,B4,AC_THREE_TIER,3A,64
CO000247,J000025,A1,AC_TWO_TIER,2A,48
CO000248,J000026,S1,SLEEPER,SL,72
CO000249,J000026,S2,SLEEPER,SL,72
CO000250,J000026,S3,SLEEPER,SL,72
CO000251,J000026,S4,SLEEPER,SL,72
CO000252,J000026,S5,SLEEPER,SL,72
CO000253,J000026,S6,SLEEPER,SL,72
CO000254,J000026,S7,SLEEPER,SL,72
CO000255,J000026,S8,SLEEPER,SL,72
CO000256,J000026,B1,AC_THREE_TIER,3A,64
CO000257,J000026,B2,AC_THREE_TIER,3A,64
CO000258,J000026,B3,AC_THREE_TIER,3A,64
CO000259,J000026,B4,AC_THREE_TIER,3A,64
CO000260,J000026,A1,AC_TWO_TIER,2A,48
CO000261,J000027,S1,SLEEPER,SL,72
CO000262,J000027,S2,SLEEPER,SL,72
CO000263,J000027,S3,SLEEPER,SL,72
CO000264,J000027,S4,SLEEPER,SL,72
CO000265,J000027,S5,SLEEPER,SL,72
CO000266,J000027,S6,SLEEPER,SL,72
CO000267,J000027,S7,SLEEPER,SL,72
CO000268,J000027,S8,SLEEPER,SL,72
CO000269,J000027,B1,AC_THREE_TIER,3A,64
CO000270,J000027,B2,AC_THREE_TIER,3A,64
CO000271,J000027,B3,AC_THREE_TIER,3A,64
CO000272,J000027,B4,AC_THREE_TIER,3A,64
CO000273,J000027,A1,AC_TWO_TIER,2A,48
CO000274,J000028,S1,SLEEPER,SL,72
CO000275,J000028,S2,SLEEPER,SL,72
CO000276,J000028,S3,SLEEPER,SL,72
CO000277,J000028,S4,SLEEPER,SL,72
CO000278,J000028,S5,SLEEPER,SL,72
CO000279,J000028,S6,SLEEPER,SL,72
CO000280,J000028,S7,SLEEPER,SL,72
CO000281,J000028,S8,SLEEPER,SL,72
CO000282,J000028,B1,AC_THREE_TIER,3A,64
CO000283,J000028,B2,AC_THREE_TIER,3A,64
CO000284,J000028,B3,AC_THREE_TIER,3A,64
CO000285,J000028,B4,AC_THREE_TIER,3A,64
CO000286,J000028,A1,AC_TWO_TIER,2A,48
CO000287,J000029,S1,SLEEPER,SL,72
CO000288,J000029,S2,SLEEPER,SL,72
CO000289,J000029,S3,SLEEPER,SL,72
CO000290,J000029,S4,SLEEPER,SL,72
CO000291,J000029,S5,SLEEPER,SL,72
CO000292,J000029,S6,SLEEPER,SL,72
CO000293,J000029,S7,SLEEPER,SL,72
CO000294,J000029,S8,SLEEPER,SL,72
CO000295,J000029,B1,AC_THREE_TIER,3A,64
CO000296,J000029,B2,AC_THREE_TIER,3A,64
CO000297,J000029,B3,AC_THREE_TIER,3A,64
CO000298,J000029,B4,AC_THREE_TIER,3A,64
CO000299,J000029,A1,AC_TWO_TIER,2A,48
CO000300,J000030,S1,SLEEPER,SL,72
CO000301,J000030,S2,SLEEPER,SL,72
CO000302,J000030,S3,SLEEPER,SL,72
CO000303,J000030,S4,SLEEPER,SL,72
CO000304,J000030,S5,SLEEPER,SL,72
CO000305,J000030,S6,SLEEPER,SL,72
CO000306,J000030,S7,SLEEPER,SL,72
CO000307,J000030,S8,SLEEPER,SL,72
CO000308,J000030,B1,AC_THREE_TIER,3A,64
CO000309,J000030,B2,AC_THREE_TIER,3A,64
CO000310,J000030,B3,AC_THREE_TIER,3A,64
CO000311,J000030,B4,AC_THREE_TIER,3A,64
CO000312,J000030,A1,AC_TWO_TIER,2A,48
CO000313,J000031,B1,AC_THREE_TIER,3A,64
CO000314,J000031,B2,AC_THREE_TIER,3A,64
CO000315,J000031,B3,AC_THREE_TIER,3A,64
CO000316,J000031,B4,AC_THREE_TIER,3A,64
CO000317,J000031,B5,AC_THREE_TIER,3A,64
CO000318,J000031,A1,AC_TWO_TIER,2A,48
CO000319,J000031,A2,AC_TWO_TIER,2A,48
CO000320,J000031,A3,AC_TWO_TIER,2A,48
CO000321,J000032,B1,AC_THREE_TIER,3A,64
CO000322,J000032,B2,AC_THREE_TIER,3A,64
CO000323,J000032,B3,AC_THREE_TIER,3A,64
CO000324,J000032,B4,AC_THREE_TIER,3A,64
CO000325,J000032,B5,AC_THREE_TIER,3A,64
CO000326,J000032,A1,AC_TWO_TIER,2A,48
CO000327,J000032,A2,AC_TWO_TIER,2A,48
CO000328,J000032,A3,AC_TWO_TIER,2A,48
CO000329,J000033,B1,AC_THREE_TIER,3A,64
CO000330,J000033,B2,AC_THREE_TIER,3A,64
CO000331,J000033,B3,AC_THREE_TIER,3A,64
CO000332,J000033,B4,AC_THREE_TIER,3A,64
CO000333,J000033,B5,AC_THREE_TIER,3A,64
CO000334,J000033,A1,AC_TWO_TIER,2A,48
CO000335,J000033,A2,AC_TWO_TIER,2A,48
CO000336,J000033,A3,AC_TWO_TIER,2A,48
CO000337,J000034,B1,AC_THREE_TIER,3A,64
CO000338,J000034,B2,AC_THREE_TIER,3A,64
CO000339,J000034,B3,AC_THREE_TIER,3A,64
CO000340,J000034,B4,AC_THREE_TIER,3A,64
CO000341,J000034,B5,AC_THREE_TIER,3A,64
CO000342,J000034,A1,AC_TWO_TIER,2A,48
CO000343,J000034,A2,AC_TWO_TIER,2A,48
CO000344,J000034,A3,AC_TWO_TIER,2A,48
CO000345,J000035,B1,AC_THREE_TIER,3A,64
CO000346,J000035,B2,AC_THREE_TIER,3A,64
CO000347,J000035,B3,AC_THREE_TIER,3A,64
CO000348,J000035,B4,AC_THREE_TIER,3A,64
CO000349,J000035,B5,AC_THREE_TIER,3A,64
CO000350,J000035,A1,AC_TWO_TIER,2A,48
CO000351,J000035,A2,AC_TWO_TIER,2A,48
CO000352,J000035,A3,AC_TWO_TIER,2A,48
CO000353,J000036,B1,AC_THREE_TIER,3A,64
CO000354,J000036,B2,AC_THREE_TIER,3A,64
CO000355,J000036,B3,AC_THREE_TIER,3A,64
CO000356,J000036,B4,AC_THREE_TIER,3A,64
CO000357,J000036,B5,AC_THREE_TIER,3A,64
CO000358,J000036,A1,AC_TWO_TIER,2A,48
CO000359,J000036,A2,AC_TWO_TIER,2A,48
CO000360,J000036,A3,AC_TWO_TIER,2A,48
CO000361,J000037,B1,AC_THREE_TIER,3A,64
CO000362,J000037,B2,AC_THREE_TIER,3A,64
CO000363,J000037,B3,AC_THREE_TIER,3A,64
CO000364,J000037,B4,AC_THREE_TIER,3A,64
CO000365,J000037,A1,AC_TWO_TIER,2A,48
CO000366,J000037,A2,AC_TWO_TIER,2A,48
CO000367,J000037,S1,SLEEPER,SL,72
CO000368,J000037,S2,SLEEPER,SL,72
CO000369,J000037,S3,SLEEPER,SL,72
CO000370,J000037,S4,SLEEPER,SL,72
CO000371,J000037,S5,SLEEPER,SL,72
CO000372,J000038,B1,AC_THREE_TIER,3A,64
CO000373,J000038,B2,AC_THREE_TIER,3A,64
CO000374,J000038,B3,AC_THREE_TIER,3A,64
CO000375,J000038,B4,AC_THREE_TIER,3A,64
CO000376,J000038,A1,AC_TWO_TIER,2A,48
CO000377,J000038,A2,AC_TWO_TIER,2A,48
CO000378,J000038,S1,SLEEPER,SL,72
CO000379,J000038,S2,SLEEPER,SL,72
CO000380,J000038,S3,SLEEPER,SL,72
CO000381,J000038,S4,SLEEPER,SL,72
CO000382,J000038,S5,SLEEPER,SL,72
CO000383,J000039,B1,AC_THREE_TIER,3A,64
CO000384,J000039,B2,AC_THREE_TIER,3A,64
CO000385,J000039,B3,AC_THREE_TIER,3A,64
CO000386,J000039,B4,AC_THREE_TIER,3A,64
CO000387,J000039,A1,AC_TWO_TIER,2A,48
CO000388,J000039,A2,AC_TWO_TIER,2A,48
CO000389,J000039,S1,SLEEPER,SL,72
CO000390,J000039,S2,SLEEPER,SL,72
CO000391,J000039,S3,SLEEPER,SL,72
CO000392,J000039,S4,SLEEPER,SL,72
CO000393,J000039,S5,SLEEPER,SL,72
CO000394,J000040,B1,AC_THREE_TIER,3A,64
CO000395,J000040,B2,AC_THREE_TIER,3A,64
CO000396,J000040,B3,AC_THREE_TIER,3A,64
CO000397,J000040,B4,AC_THREE_TIER,3A,64
CO000398,J000040,A1,AC_TWO_TIER,2A,48
CO000399,J000040,A2,AC_TWO_TIER,2A,48
CO000400,J000040,S1,SLEEPER,SL,72
CO000401,J000040,S2,SLEEPER,SL,72
CO000402,J000040,S3,SLEEPER,SL,72
CO000403,J000040,S4,SLEEPER,SL,72
CO000404,J000040,S5,SLEEPER,SL,72
CO000405,J000041,B1,AC_THREE_TIER,3A,64
CO000406,J000041,B2,AC_THREE_TIER,3A,64
CO000407,J000041,B3,AC_THREE_TIER,3A,64
CO000408,J000041,B4,AC_THREE_TIER,3A,64
CO000409,J000041,A1,AC_TWO_TIER,2A,48
CO000410,J000041,A2,AC_TWO_TIER,2A,48
CO000411,J000041,S1,SLEEPER,SL,72
CO000412,J000041,S2,SLEEPER,SL,72
CO000413,J000041,S3,SLEEPER,SL,72
CO000414,J000041,S4,SLEEPER,SL,72
CO000415,J000041,S5,SLEEPER,SL,72
CO000416,J000042,B1,AC_THREE_TIER,3A,64
CO000417,J000042,B2,AC_THREE_TIER,3A,64
CO000418,J000042,B3,AC_THREE_TIER,3A,64
CO000419,J000042,B4,AC_THREE_TIER,3A,64
CO000420,J000042,A1,AC_TWO_TIER,2A,48
CO000421,J000042,A2,AC_TWO_TIER,2A,48
CO000422,J000042,S1,SLEEPER,SL,72
CO000423,J000042,S2,SLEEPER,SL,72
CO000424,J000042,S3,SLEEPER,SL,72
CO000425,J000042,S4,SLEEPER,SL,72
CO000426,J000042,S5,SLEEPER,SL,72
CO000427,J000043,S1,SLEEPER,SL,72
CO000428,J000043,S2,SLEEPER,SL,72
CO000429,J000043,S3,SLEEPER,SL,72
CO000430,J000043,S4,SLEEPER,SL,72
CO000431,J000043,S5,SLEEPER,SL,72
CO000432,J000043,S6,SLEEPER,SL,72
CO000433,J000043,S7,SLEEPER,SL,72
CO000434,J000043,S8,SLEEPER,SL,72
CO000435,J000043,B1,AC_THREE_TIER,3A,64
CO000436,J000043,B2,AC_THREE_TIER,3A,64
CO000437,J000043,B3,AC_THREE_TIER,3A,64
CO000438,J000043,B4,AC_THREE_TIER,3A,64
CO000439,J000043,A1,AC_TWO_TIER,2A,48
CO000440,J000044,S1,SLEEPER,SL,72
CO000441,J000044,S2,SLEEPER,SL,72
CO000442,J000044,S3,SLEEPER,SL,72
CO000443,J000044,S4,SLEEPER,SL,72
CO000444,J000044,S5,SLEEPER,SL,72
CO000445,J000044,S6,SLEEPER,SL,72
CO000446,J000044,S7,SLEEPER,SL,72
CO000447,J000044,S8,SLEEPER,SL,72
CO000448,J000044,B1,AC_THREE_TIER,3A,64
CO000449,J000044,B2,AC_THREE_TIER,3A,64
CO000450,J000044,B3,AC_THREE_TIER,3A,64
CO000451,J000044,B4,AC_THREE_TIER,3A,64
CO000452,J000044,A1,AC_TWO_TIER,2A,48
CO000453,J000045,S1,SLEEPER,SL,72
CO000454,J000045,S2,SLEEPER,SL,72
CO000455,J000045,S3,SLEEPER,SL,72
CO000456,J000045,S4,SLEEPER,SL,72
CO000457,J000045,S5,SLEEPER,SL,72
CO000458,J000045,S6,SLEEPER,SL,72
CO000459,J000045,S7,SLEEPER,SL,72
CO000460,J000045,S8,SLEEPER,SL,72
CO000461,J000045,B1,AC_THREE_TIER,3A,64
CO000462,J000045,B2,AC_THREE_TIER,3A,64
CO000463,J000045,B3,AC_THREE_TIER,3A,64
CO000464,J000045,B4,AC_THREE_TIER,3A,64
CO000465,J000045,A1,AC_TWO_TIER,2A,48
CO000466,J000046,S1,SLEEPER,SL,72
CO000467,J000046,S2,SLEEPER,SL,72
CO000468,J000046,S3,SLEEPER,SL,72
CO000469,J000046,S4,SLEEPER,SL,72
CO000470,J000046,S5,SLEEPER,SL,72
CO000471,J000046,S6,SLEEPER,SL,72
CO000472,J000046,S7,SLEEPER,SL,72
CO000473,J000046,S8,SLEEPER,SL,72
CO000474,J000046,B1,AC_THREE_TIER,3A,64
CO000475,J000046,B2,AC_THREE_TIER,3A,64
CO000476,J000046,B3,AC_THREE_TIER,3A,64
CO000477,J000046,B4,AC_THREE_TIER,3A,64
CO000478,J000046,A1,AC_TWO_TIER,2A,48
CO000479,J000047,S1,SLEEPER,SL,72
CO000480,J000047,S2,SLEEPER,SL,72
CO000481,J000047,S3,SLEEPER,SL,72
CO000482,J000047,S4,SLEEPER,SL,72
CO000483,J000047,S5,SLEEPER,SL,72
CO000484,J000047,S6,SLEEPER,SL,72
CO000485,J000047,S7,SLEEPER,SL,72
CO000486,J000047,S8,SLEEPER,SL,72
CO000487,J000047,B1,AC_THREE_TIER,3A,64
CO000488,J000047,B2,AC_THREE_TIER,3A,64
CO000489,J000047,B3,AC_THREE_TIER,3A,64
CO000490,J000047,B4,AC_THREE_TIER,3A,64
CO000491,J000047,A1,AC_TWO_TIER,2A,48
CO000492,J000048,S1,SLEEPER,SL,72
CO000493,J000048,S2,SLEEPER,SL,72
CO000494,J000048,S3,SLEEPER,SL,72
CO000495,J000048,S4,SLEEPER,SL,72
CO000496,J000048,S5,SLEEPER,SL,72
CO000497,J000048,S6,SLEEPER,SL,72
CO000498,J000048,S7,SLEEPER,SL,72
CO000499,J000048,S8,SLEEPER,SL,72
CO000500,J000048,B1,AC_THREE_TIER,3A,64
CO000501,J000048,B2,AC_THREE_TIER,3A,64
CO000502,J000048,B3,AC_THREE_TIER,3A,64
CO000503,J000048,B4,AC_THREE_TIER,3A,64
CO000504,J000048,A1,AC_TWO_TIER,2A,48
CO000505,J000049,C1,CHAIR_CAR,CC,78
CO000506,J000049,C2,CHAIR_CAR,CC,78
CO000507,J000049,C3,CHAIR_CAR,CC,78
CO000508,J000049,C4,CHAIR_CAR,CC,78
CO000509,J000049,C5,CHAIR_CAR,CC,78
CO000510,J000049,C6,CHAIR_CAR,CC,78
CO000511,J000049,E1,EXECUTIVE_CHAIR_CAR,EC,56
CO000512,J000049,E2,EXECUTIVE_CHAIR_CAR,EC,56
CO000513,J000050,C1,CHAIR_CAR,CC,78
CO000514,J000050,C2,CHAIR_CAR,CC,78
CO000515,J000050,C3,CHAIR_CAR,CC,78
CO000516,J000050,C4,CHAIR_CAR,CC,78
CO000517,J000050,C5,CHAIR_CAR,CC,78
CO000518,J000050,C6,CHAIR_CAR,CC,78
CO000519,J000050,E1,EXECUTIVE_CHAIR_CAR,EC,56
CO000520,J000050,E2,EXECUTIVE_CHAIR_CAR,EC,56
CO000521,J000051,C1,CHAIR_CAR,CC,78
CO000522,J000051,C2,CHAIR_CAR,CC,78
CO000523,J000051,C3,CHAIR_CAR,CC,78
CO000524,J000051,C4,CHAIR_CAR,CC,78
CO000525,J000051,C5,CHAIR_CAR,CC,78
CO000526,J000051,C6,CHAIR_CAR,CC,78
CO000527,J000051,E1,EXECUTIVE_CHAIR_CAR,EC,56
CO000528,J000051,E2,EXECUTIVE_CHAIR_CAR,EC,56
CO000529,J000052,C1,CHAIR_CAR,CC,78
CO000530,J000052,C2,CHAIR_CAR,CC,78
CO000531,J000052,C3,CHAIR_CAR,CC,78
CO000532,J000052,C4,CHAIR_CAR,CC,78
CO000533,J000052,C5,CHAIR_CAR,CC,78
CO000534,J000052,C6,CHAIR_CAR,CC,78
CO000535,J000052,E1,EXECUTIVE_CHAIR_CAR,EC,56
CO000536,J000052,E2,EXECUTIVE_CHAIR_CAR,EC,56
CO000537,J000053,C1,CHAIR_CAR,CC,78
CO000538,J000053,C2,CHAIR_CAR,CC,78
CO000539,J000053,C3,CHAIR_CAR,CC,78
CO000540,J000053,C4,CHAIR_CAR,CC,78
CO000541,J000053,C5,CHAIR_CAR,CC,78
CO000542,J000053,C6,CHAIR_CAR,CC,78
CO000543,J000053,E1,EXECUTIVE_CHAIR_CAR,EC,56
CO000544,J000053,E2,EXECUTIVE_CHAIR_CAR,EC,56
CO000545,J000054,C1,CHAIR_CAR,CC,78
CO000546,J000054,C2,CHAIR_CAR,CC,78
CO000547,J000054,C3,CHAIR_CAR,CC,78
CO000548,J000054,C4,CHAIR_CAR,CC,78
CO000549,J000054,C5,CHAIR_CAR,CC,78
CO000550,J000054,C6,CHAIR_CAR,CC,78
CO000551,J000054,E1,EXECUTIVE_CHAIR_CAR,EC,56
CO000552,J000054,E2,EXECUTIVE_CHAIR_CAR,EC,56
CO000553,J000055,B1,AC_THREE_TIER,3A,64
CO000554,J000055,B2,AC_THREE_TIER,3A,64
CO000555,J000055,B3,AC_THREE_TIER,3A,64
CO000556,J000055,B4,AC_THREE_TIER,3A,64
CO000557,J000055,A1,AC_TWO_TIER,2A,48
CO000558,J000055,A2,AC_TWO_TIER,2A,48
CO000559,J000055,S1,SLEEPER,SL,72
CO000560,J000055,S2,SLEEPER,SL,72
CO000561,J000055,S3,SLEEPER,SL,72
CO000562,J000055,S4,SLEEPER,SL,72
CO000563,J000055,S5,SLEEPER,SL,72
CO000564,J000056,B1,AC_THREE_TIER,3A,64
CO000565,J000056,B2,AC_THREE_TIER,3A,64
CO000566,J000056,B3,AC_THREE_TIER,3A,64
CO000567,J000056,B4,AC_THREE_TIER,3A,64
CO000568,J000056,A1,AC_TWO_TIER,2A,48
CO000569,J000056,A2,AC_TWO_TIER,2A,48
CO000570,J000056,S1,SLEEPER,SL,72
CO000571,J000056,S2,SLEEPER,SL,72
CO000572,J000056,S3,SLEEPER,SL,72
CO000573,J000056,S4,SLEEPER,SL,72
CO000574,J000056,S5,SLEEPER,SL,72
CO000575,J000057,B1,AC_THREE_TIER,3A,64
CO000576,J000057,B2,AC_THREE_TIER,3A,64
CO000577,J000057,B3,AC_THREE_TIER,3A,64
CO000578,J000057,B4,AC_THREE_TIER,3A,64
CO000579,J000057,A1,AC_TWO_TIER,2A,48
CO000580,J000057,A2,AC_TWO_TIER,2A,48
CO000581,J000057,S1,SLEEPER,SL,72
CO000582,J000057,S2,SLEEPER,SL,72
CO000583,J000057,S3,SLEEPER,SL,72
CO000584,J000057,S4,SLEEPER,SL,72
CO000585,J000057,S5,SLEEPER,SL,72
CO000586,J000058,B1,AC_THREE_TIER,3A,64
CO000587,J000058,B2,AC_THREE_TIER,3A,64
CO000588,J000058,B3,AC_THREE_TIER,3A,64
CO000589,J000058,B4,AC_THREE_TIER,3A,64
CO000590,J000058,A1,AC_TWO_TIER,2A,48
CO000591,J000058,A2,AC_TWO_TIER,2A,48
CO000592,J000058,S1,SLEEPER,SL,72
CO000593,J000058,S2,SLEEPER,SL,72
CO000594,J000058,S3,SLEEPER,SL,72
CO000595,J000058,S4,SLEEPER,SL,72
CO000596,J000058,S5,SLEEPER,SL,72
CO000597,J000059,B1,AC_THREE_TIER,3A,64
CO000598,J000059,B2,AC_THREE_TIER,3A,64
CO000599,J000059,B3,AC_THREE_TIER,3A,64
CO000600,J000059,B4,AC_THREE_TIER,3A,64
CO000601,J000059,A1,AC_TWO_TIER,2A,48
CO000602,J000059,A2,AC_TWO_TIER,2A,48
CO000603,J000059,S1,SLEEPER,SL,72
CO000604,J000059,S2,SLEEPER,SL,72
CO000605,J000059,S3,SLEEPER,SL,72
CO000606,J000059,S4,SLEEPER,SL,72
CO000607,J000059,S5,SLEEPER,SL,72
CO000608,J000060,B1,AC_THREE_TIER,3A,64
CO000609,J000060,B2,AC_THREE_TIER,3A,64
CO000610,J000060,B3,AC_THREE_TIER,3A,64
CO000611,J000060,B4,AC_THREE_TIER,3A,64
CO000612,J000060,A1,AC_TWO_TIER,2A,48
CO000613,J000060,A2,AC_TWO_TIER,2A,48
CO000614,J000060,S1,SLEEPER,SL,72
CO000615,J000060,S2,SLEEPER,SL,72
CO000616,J000060,S3,SLEEPER,SL,72
CO000617,J000060,S4,SLEEPER,SL,72
CO000618,J000060,S5,SLEEPER,SL,72
CO000619,J000061,B1,AC_THREE_TIER,3A,64
CO000620,J000061,B2,AC_THREE_TIER,3A,64
CO000621,J000061,B3,AC_THREE_TIER,3A,64
CO000622,J000061,B4,AC_THREE_TIER,3A,64
CO000623,J000061,B5,AC_THREE_TIER,3A,64
CO000624,J000061,B6,AC_THREE_TIER,3A,64
CO000625,J000061,A1,AC_TWO_TIER,2A,48
CO000626,J000061,A2,AC_TWO_TIER,2A,48
CO000627,J000061,A3,AC_TWO_TIER,2A,48
CO000628,J000061,S1,SLEEPER,SL,72
CO000629,J000061,S2,SLEEPER,SL,72
CO000630,J000062,B1,AC_THREE_TIER,3A,64
CO000631,J000062,B2,AC_THREE_TIER,3A,64
CO000632,J000062,B3,AC_THREE_TIER,3A,64
CO000633,J000062,B4,AC_THREE_TIER,3A,64
CO000634,J000062,B5,AC_THREE_TIER,3A,64
CO000635,J000062,B6,AC_THREE_TIER,3A,64
CO000636,J000062,A1,AC_TWO_TIER,2A,48
CO000637,J000062,A2,AC_TWO_TIER,2A,48
CO000638,J000062,A3,AC_TWO_TIER,2A,48
CO000639,J000062,S1,SLEEPER,SL,72
CO000640,J000062,S2,SLEEPER,SL,72
CO000641,J000063,B1,AC_THREE_TIER,3A,64
CO000642,J000063,B2,AC_THREE_TIER,3A,64
CO000643,J000063,B3,AC_THREE_TIER,3A,64
CO000644,J000063,B4,AC_THREE_TIER,3A,64
CO000645,J000063,B5,AC_THREE_TIER,3A,64
CO000646,J000063,B6,AC_THREE_TIER,3A,64
CO000647,J000063,A1,AC_TWO_TIER,2A,48
CO000648,J000063,A2,AC_TWO_TIER,2A,48
CO000649,J000063,A3,AC_TWO_TIER,2A,48
CO000650,J000063,S1,SLEEPER,SL,72
CO000651,J000063,S2,SLEEPER,SL,72
CO000652,J000064,B1,AC_THREE_TIER,3A,64
CO000653,J000064,B2,AC_THREE_TIER,3A,64
CO000654,J000064,B3,AC_THREE_TIER,3A,64
CO000655,J000064,B4,AC_THREE_TIER,3A,64
CO000656,J000064,B5,AC_THREE_TIER,3A,64
CO000657,J000064,B6,AC_THREE_TIER,3A,64
CO000658,J000064,A1,AC_TWO_TIER,2A,48
CO000659,J000064,A2,AC_TWO_TIER,2A,48
CO000660,J000064,A3,AC_TWO_TIER,2A,48
CO000661,J000064,S1,SLEEPER,SL,72
CO000662,J000064,S2,SLEEPER,SL,72
CO000663,J000065,B1,AC_THREE_TIER,3A,64
CO000664,J000065,B2,AC_THREE_TIER,3A,64
CO000665,J000065,B3,AC_THREE_TIER,3A,64
CO000666,J000065,B4,AC_THREE_TIER,3A,64
CO000667,J000065,B5,AC_THREE_TIER,3A,64
CO000668,J000065,B6,AC_THREE_TIER,3A,64
CO000669,J000065,A1,AC_TWO_TIER,2A,48
CO000670,J000065,A2,AC_TWO_TIER,2A,48
CO000671,J000065,A3,AC_TWO_TIER,2A,48
CO000672,J000065,S1,SLEEPER,SL,72
CO000673,J000065,S2,SLEEPER,SL,72
CO000674,J000066,B1,AC_THREE_TIER,3A,64
CO000675,J000066,B2,AC_THREE_TIER,3A,64
CO000676,J000066,B3,AC_THREE_TIER,3A,64
CO000677,J000066,B4,AC_THREE_TIER,3A,64
CO000678,J000066,B5,AC_THREE_TIER,3A,64
CO000679,J000066,B6,AC_THREE_TIER,3A,64
CO000680,J000066,A1,AC_TWO_TIER,2A,48
CO000681,J000066,A2,AC_TWO_TIER,2A,48
CO000682,J000066,A3,AC_TWO_TIER,2A,48
CO000683,J000066,S1,SLEEPER,SL,72
CO000684,J000066,S2,SLEEPER,SL,72
CO000685,J000067,S1,SLEEPER,SL,72
CO000686,J000067,S2,SLEEPER,SL,72
CO000687,J000067,S3,SLEEPER,SL,72
CO000688,J000067,S4,SLEEPER,SL,72
CO000689,J000067,S5,SLEEPER,SL,72
CO000690,J000067,S6,SLEEPER,SL,72
CO000691,J000067,S7,SLEEPER,SL,72
CO000692,J000067,S8,SLEEPER,SL,72
CO000693,J000067,B1,AC_THREE_TIER,3A,64
CO000694,J000067,B2,AC_THREE_TIER,3A,64
CO000695,J000067,B3,AC_THREE_TIER,3A,64
CO000696,J000067,B4,AC_THREE_TIER,3A,64
CO000697,J000067,A1,AC_TWO_TIER,2A,48
CO000698,J000068,S1,SLEEPER,SL,72
CO000699,J000068,S2,SLEEPER,SL,72
CO000700,J000068,S3,SLEEPER,SL,72
CO000701,J000068,S4,SLEEPER,SL,72
CO000702,J000068,S5,SLEEPER,SL,72
CO000703,J000068,S6,SLEEPER,SL,72
CO000704,J000068,S7,SLEEPER,SL,72
CO000705,J000068,S8,SLEEPER,SL,72
CO000706,J000068,B1,AC_THREE_TIER,3A,64
CO000707,J000068,B2,AC_THREE_TIER,3A,64
CO000708,J000068,B3,AC_THREE_TIER,3A,64
CO000709,J000068,B4,AC_THREE_TIER,3A,64
CO000710,J000068,A1,AC_TWO_TIER,2A,48
CO000711,J000069,S1,SLEEPER,SL,72
CO000712,J000069,S2,SLEEPER,SL,72
CO000713,J000069,S3,SLEEPER,SL,72
CO000714,J000069,S4,SLEEPER,SL,72
CO000715,J000069,S5,SLEEPER,SL,72
CO000716,J000069,S6,SLEEPER,SL,72
CO000717,J000069,S7,SLEEPER,SL,72
CO000718,J000069,S8,SLEEPER,SL,72
CO000719,J000069,B1,AC_THREE_TIER,3A,64
CO000720,J000069,B2,AC_THREE_TIER,3A,64
CO000721,J000069,B3,AC_THREE_TIER,3A,64
CO000722,J000069,B4,AC_THREE_TIER,3A,64
CO000723,J000069,A1,AC_TWO_TIER,2A,48
CO000724,J000070,S1,SLEEPER,SL,72
CO000725,J000070,S2,SLEEPER,SL,72
CO000726,J000070,S3,SLEEPER,SL,72
CO000727,J000070,S4,SLEEPER,SL,72
CO000728,J000070,S5,SLEEPER,SL,72
CO000729,J000070,S6,SLEEPER,SL,72
CO000730,J000070,S7,SLEEPER,SL,72
CO000731,J000070,S8,SLEEPER,SL,72
CO000732,J000070,B1,AC_THREE_TIER,3A,64
CO000733,J000070,B2,AC_THREE_TIER,3A,64
CO000734,J000070,B3,AC_THREE_TIER,3A,64
CO000735,J000070,B4,AC_THREE_TIER,3A,64
CO000736,J000070,A1,AC_TWO_TIER,2A,48
CO000737,J000071,S1,SLEEPER,SL,72
CO000738,J000071,S2,SLEEPER,SL,72
CO000739,J000071,S3,SLEEPER,SL,72
CO000740,J000071,S4,SLEEPER,SL,72
CO000741,J000071,S5,SLEEPER,SL,72
CO000742,J000071,S6,SLEEPER,SL,72
CO000743,J000071,S7,SLEEPER,SL,72
CO000744,J000071,S8,SLEEPER,SL,72
CO000745,J000071,B1,AC_THREE_TIER,3A,64
CO000746,J000071,B2,AC_THREE_TIER,3A,64
CO000747,J000071,B3,AC_THREE_TIER,3A,64
CO000748,J000071,B4,AC_THREE_TIER,3A,64
CO000749,J000071,A1,AC_TWO_TIER,2A,48
CO000750,J000072,S1,SLEEPER,SL,72
CO000751,J000072,S2,SLEEPER,SL,72
CO000752,J000072,S3,SLEEPER,SL,72
CO000753,J000072,S4,SLEEPER,SL,72
CO000754,J000072,S5,SLEEPER,SL,72
CO000755,J000072,S6,SLEEPER,SL,72
CO000756,J000072,S7,SLEEPER,SL,72
CO000757,J000072,S8,SLEEPER,SL,72
CO000758,J000072,B1,AC_THREE_TIER,3A,64
CO000759,J000072,B2,AC_THREE_TIER,3A,64
CO000760,J000072,B3,AC_THREE_TIER,3A,64
CO000761,J000072,B4,AC_THREE_TIER,3A,64
CO000762,J000072,A1,AC_TWO_TIER,2A,48
CO000763,J000073,B1,AC_THREE_TIER,3A,64
CO000764,J000073,B2,AC_THREE_TIER,3A,64
CO000765,J000073,B3,AC_THREE_TIER,3A,64
CO000766,J000073,B4,AC_THREE_TIER,3A,64
CO000767,J000073,A1,AC_TWO_TIER,2A,48
CO000768,J000073,A2,AC_TWO_TIER,2A,48
CO000769,J000073,S1,SLEEPER,SL,72
CO000770,J000073,S2,SLEEPER,SL,72
CO000771,J000073,S3,SLEEPER,SL,72
CO000772,J000073,S4,SLEEPER,SL,72
CO000773,J000073,S5,SLEEPER,SL,72
CO000774,J000074,B1,AC_THREE_TIER,3A,64
CO000775,J000074,B2,AC_THREE_TIER,3A,64
CO000776,J000074,B3,AC_THREE_TIER,3A,64
CO000777,J000074,B4,AC_THREE_TIER,3A,64
CO000778,J000074,A1,AC_TWO_TIER,2A,48
CO000779,J000074,A2,AC_TWO_TIER,2A,48
CO000780,J000074,S1,SLEEPER,SL,72
CO000781,J000074,S2,SLEEPER,SL,72
CO000782,J000074,S3,SLEEPER,SL,72
CO000783,J000074,S4,SLEEPER,SL,72
CO000784,J000074,S5,SLEEPER,SL,72
CO000785,J000075,B1,AC_THREE_TIER,3A,64
CO000786,J000075,B2,AC_THREE_TIER,3A,64
CO000787,J000075,B3,AC_THREE_TIER,3A,64
CO000788,J000075,B4,AC_THREE_TIER,3A,64
CO000789,J000075,A1,AC_TWO_TIER,2A,48
CO000790,J000075,A2,AC_TWO_TIER,2A,48
CO000791,J000075,S1,SLEEPER,SL,72
CO000792,J000075,S2,SLEEPER,SL,72
CO000793,J000075,S3,SLEEPER,SL,72
CO000794,J000075,S4,SLEEPER,SL,72
CO000795,J000075,S5,SLEEPER,SL,72
CO000796,J000076,B1,AC_THREE_TIER,3A,64
CO000797,J000076,B2,AC_THREE_TIER,3A,64
CO000798,J000076,B3,AC_THREE_TIER,3A,64
CO000799,J000076,B4,AC_THREE_TIER,3A,64
CO000800,J000076,A1,AC_TWO_TIER,2A,48
CO000801,J000076,A2,AC_TWO_TIER,2A,48
CO000802,J000076,S1,SLEEPER,SL,72
CO000803,J000076,S2,SLEEPER,SL,72
CO000804,J000076,S3,SLEEPER,SL,72
CO000805,J000076,S4,SLEEPER,SL,72
CO000806,J000076,S5,SLEEPER,SL,72
CO000807,J000077,B1,AC_THREE_TIER,3A,64
CO000808,J000077,B2,AC_THREE_TIER,3A,64
CO000809,J000077,B3,AC_THREE_TIER,3A,64
CO000810,J000077,B4,AC_THREE_TIER,3A,64
CO000811,J000077,A1,AC_TWO_TIER,2A,48
CO000812,J000077,A2,AC_TWO_TIER,2A,48
CO000813,J000077,S1,SLEEPER,SL,72
CO000814,J000077,S2,SLEEPER,SL,72
CO000815,J000077,S3,SLEEPER,SL,72
CO000816,J000077,S4,SLEEPER,SL,72
CO000817,J000077,S5,SLEEPER,SL,72
CO000818,J000078,B1,AC_THREE_TIER,3A,64
CO000819,J000078,B2,AC_THREE_TIER,3A,64
CO000820,J000078,B3,AC_THREE_TIER,3A,64
CO000821,J000078,B4,AC_THREE_TIER,3A,64
CO000822,J000078,A1,AC_TWO_TIER,2A,48
CO000823,J000078,A2,AC_TWO_TIER,2A,48
CO000824,J000078,S1,SLEEPER,SL,72
CO000825,J000078,S2,SLEEPER,SL,72
CO000826,J000078,S3,SLEEPER,SL,72
CO000827,J000078,S4,SLEEPER,SL,72
CO000828,J000078,S5,SLEEPER,SL,72
CO000829,J000079,B1,AC_THREE_TIER,3A,64
CO000830,J000079,B2,AC_THREE_TIER,3A,64
CO000831,J000079,B3,AC_THREE_TIER,3A,64
CO000832,J000079,B4,AC_THREE_TIER,3A,64
CO000833,J000079,A1,AC_TWO_TIER,2A,48
CO000834,J000079,A2,AC_TWO_TIER,2A,48
CO000835,J000079,S1,SLEEPER,SL,72
CO000836,J000079,S2,SLEEPER,SL,72
CO000837,J000079,S3,SLEEPER,SL,72
CO000838,J000079,S4,SLEEPER,SL,72
CO000839,J000079,S5,SLEEPER,SL,72
CO000840,J000080,B1,AC_THREE_TIER,3A,64
CO000841,J000080,B2,AC_THREE_TIER,3A,64
CO000842,J000080,B3,AC_THREE_TIER,3A,64
CO000843,J000080,B4,AC_THREE_TIER,3A,64
CO000844,J000080,A1,AC_TWO_TIER,2A,48
CO000845,J000080,A2,AC_TWO_TIER,2A,48
CO000846,J000080,S1,SLEEPER,SL,72
CO000847,J000080,S2,SLEEPER,SL,72
CO000848,J000080,S3,SLEEPER,SL,72
CO000849,J000080,S4,SLEEPER,SL,72
CO000850,J000080,S5,SLEEPER,SL,72
CO000851,J000081,B1,AC_THREE_TIER,3A,64
CO000852,J000081,B2,AC_THREE_TIER,3A,64
CO000853,J000081,B3,AC_THREE_TIER,3A,64
CO000854,J000081,B4,AC_THREE_TIER,3A,64
CO000855,J000081,A1,AC_TWO_TIER,2A,48
CO000856,J000081,A2,AC_TWO_TIER,2A,48
CO000857,J000081,S1,SLEEPER,SL,72
CO000858,J000081,S2,SLEEPER,SL,72
CO000859,J000081,S3,SLEEPER,SL,72
CO000860,J000081,S4,SLEEPER,SL,72
CO000861,J000081,S5,SLEEPER,SL,72
CO000862,J000082,B1,AC_THREE_TIER,3A,64
CO000863,J000082,B2,AC_THREE_TIER,3A,64
CO000864,J000082,B3,AC_THREE_TIER,3A,64
CO000865,J000082,B4,AC_THREE_TIER,3A,64
CO000866,J000082,A1,AC_TWO_TIER,2A,48
CO000867,J000082,A2,AC_TWO_TIER,2A,48
CO000868,J000082,S1,SLEEPER,SL,72
CO000869,J000082,S2,SLEEPER,SL,72
CO000870,J000082,S3,SLEEPER,SL,72
CO000871,J000082,S4,SLEEPER,SL,72
CO000872,J000082,S5,SLEEPER,SL,72
CO000873,J000083,B1,AC_THREE_TIER,3A,64
CO000874,J000083,B2,AC_THREE_TIER,3A,64
CO000875,J000083,B3,AC_THREE_TIER,3A,64
CO000876,J000083,B4,AC_THREE_TIER,3A,64
CO000877,J000083,A1,AC_TWO_TIER,2A,48
CO000878,J000083,A2,AC_TWO_TIER,2A,48
CO000879,J000083,S1,SLEEPER,SL,72
CO000880,J000083,S2,SLEEPER,SL,72
CO000881,J000083,S3,SLEEPER,SL,72
CO000882,J000083,S4,SLEEPER,SL,72
CO000883,J000083,S5,SLEEPER,SL,72
CO000884,J000084,B1,AC_THREE_TIER,3A,64
CO000885,J000084,B2,AC_THREE_TIER,3A,64
CO000886,J000084,B3,AC_THREE_TIER,3A,64
CO000887,J000084,B4,AC_THREE_TIER,3A,64
CO000888,J000084,A1,AC_TWO_TIER,2A,48
CO000889,J000084,A2,AC_TWO_TIER,2A,48
CO000890,J000084,S1,SLEEPER,SL,72
CO000891,J000084,S2,SLEEPER,SL,72
CO000892,J000084,S3,SLEEPER,SL,72
CO000893,J000084,S4,SLEEPER,SL,72
CO000894,J000084,S5,SLEEPER,SL,72
CO000895,J000085,S1,SLEEPER,SL,72
CO000896,J000085,S2,SLEEPER,SL,72
CO000897,J000085,S3,SLEEPER,SL,72
CO000898,J000085,S4,SLEEPER,SL,72
CO000899,J000085,S5,SLEEPER,SL,72
CO000900,J000085,S6,SLEEPER,SL,72
CO000901,J000085,S7,SLEEPER,SL,72
CO000902,J000085,S8,SLEEPER,SL,72
CO000903,J000085,B1,AC_THREE_TIER,3A,64
CO000904,J000085,B2,AC_THREE_TIER,3A,64
CO000905,J000085,B3,AC_THREE_TIER,3A,64
CO000906,J000085,B4,AC_THREE_TIER,3A,64
CO000907,J000085,A1,AC_TWO_TIER,2A,48
CO000908,J000086,S1,SLEEPER,SL,72
CO000909,J000086,S2,SLEEPER,SL,72
CO000910,J000086,S3,SLEEPER,SL,72
CO000911,J000086,S4,SLEEPER,SL,72
CO000912,J000086,S5,SLEEPER,SL,72
CO000913,J000086,S6,SLEEPER,SL,72
CO000914,J000086,S7,SLEEPER,SL,72
CO000915,J000086,S8,SLEEPER,SL,72
CO000916,J000086,B1,AC_THREE_TIER,3A,64
CO000917,J000086,B2,AC_THREE_TIER,3A,64
CO000918,J000086,B3,AC_THREE_TIER,3A,64
CO000919,J000086,B4,AC_THREE_TIER,3A,64
CO000920,J000086,A1,AC_TWO_TIER,2A,48
CO000921,J000087,S1,SLEEPER,SL,72
CO000922,J000087,S2,SLEEPER,SL,72
CO000923,J000087,S3,SLEEPER,SL,72
CO000924,J000087,S4,SLEEPER,SL,72
CO000925,J000087,S5,SLEEPER,SL,72
CO000926,J000087,S6,SLEEPER,SL,72
CO000927,J000087,S7,SLEEPER,SL,72
CO000928,J000087,S8,SLEEPER,SL,72
CO000929,J000087,B1,AC_THREE_TIER,3A,64
CO000930,J000087,B2,AC_THREE_TIER,3A,64
CO000931,J000087,B3,AC_THREE_TIER,3A,64
CO000932,J000087,B4,AC_THREE_TIER,3A,64
CO000933,J000087,A1,AC_TWO_TIER,2A,48
CO000934,J000088,S1,SLEEPER,SL,72
CO000935,J000088,S2,SLEEPER,SL,72
CO000936,J000088,S3,SLEEPER,SL,72
CO000937,J000088,S4,SLEEPER,SL,72
CO000938,J000088,S5,SLEEPER,SL,72
CO000939,J000088,S6,SLEEPER,SL,72
CO000940,J000088,S7,SLEEPER,SL,72
CO000941,J000088,S8,SLEEPER,SL,72
CO000942,J000088,B1,AC_THREE_TIER,3A,64
CO000943,J000088,B2,AC_THREE_TIER,3A,64
CO000944,J000088,B3,AC_THREE_TIER,3A,64
CO000945,J000088,B4,AC_THREE_TIER,3A,64
CO000946,J000088,A1,AC_TWO_TIER,2A,48
CO000947,J000089,S1,SLEEPER,SL,72
CO000948,J000089,S2,SLEEPER,SL,72
CO000949,J000089,S3,SLEEPER,SL,72
CO000950,J000089,S4,SLEEPER,SL,72
CO000951,J000089,S5,SLEEPER,SL,72
CO000952,J000089,S6,SLEEPER,SL,72
CO000953,J000089,S7,SLEEPER,SL,72
CO000954,J000089,S8,SLEEPER,SL,72
CO000955,J000089,B1,AC_THREE_TIER,3A,64
CO000956,J000089,B2,AC_THREE_TIER,3A,64
CO000957,J000089,B3,AC_THREE_TIER,3A,64
CO000958,J000089,B4,AC_THREE_TIER,3A,64
CO000959,J000089,A1,AC_TWO_TIER,2A,48
CO000960,J000090,S1,SLEEPER,SL,72
CO000961,J000090,S2,SLEEPER,SL,72
CO000962,J000090,S3,SLEEPER,SL,72
CO000963,J000090,S4,SLEEPER,SL,72
CO000964,J000090,S5,SLEEPER,SL,72
CO000965,J000090,S6,SLEEPER,SL,72
CO000966,J000090,S7,SLEEPER,SL,72
CO000967,J000090,S8,SLEEPER,SL,72
CO000968,J000090,B1,AC_THREE_TIER,3A,64
CO000969,J000090,B2,AC_THREE_TIER,3A,64
CO000970,J000090,B3,AC_THREE_TIER,3A,64
CO000971,J000090,B4,AC_THREE_TIER,3A,64
CO000972,J000090,A1,AC_TWO_TIER,2A,48
CO000973,J000091,B1,AC_THREE_TIER,3A,64
CO000974,J000091,B2,AC_THREE_TIER,3A,64
CO000975,J000091,B3,AC_THREE_TIER,3A,64
CO000976,J000091,B4,AC_THREE_TIER,3A,64
CO000977,J000091,A1,AC_TWO_TIER,2A,48
CO000978,J000091,A2,AC_TWO_TIER,2A,48
CO000979,J000091,S1,SLEEPER,SL,72
CO000980,J000091,S2,SLEEPER,SL,72
CO000981,J000091,S3,SLEEPER,SL,72
CO000982,J000091,S4,SLEEPER,SL,72
CO000983,J000091,S5,SLEEPER,SL,72
CO000984,J000092,B1,AC_THREE_TIER,3A,64
CO000985,J000092,B2,AC_THREE_TIER,3A,64
CO000986,J000092,B3,AC_THREE_TIER,3A,64
CO000987,J000092,B4,AC_THREE_TIER,3A,64
CO000988,J000092,A1,AC_TWO_TIER,2A,48
CO000989,J000092,A2,AC_TWO_TIER,2A,48
CO000990,J000092,S1,SLEEPER,SL,72
CO000991,J000092,S2,SLEEPER,SL,72
CO000992,J000092,S3,SLEEPER,SL,72
CO000993,J000092,S4,SLEEPER,SL,72
CO000994,J000092,S5,SLEEPER,SL,72
CO000995,J000093,B1,AC_THREE_TIER,3A,64
CO000996,J000093,B2,AC_THREE_TIER,3A,64
CO000997,J000093,B3,AC_THREE_TIER,3A,64
CO000998,J000093,B4,AC_THREE_TIER,3A,64
CO000999,J000093,A1,AC_TWO_TIER,2A,48
CO001000,J000093,A2,AC_TWO_TIER,2A,48
CO001001,J000093,S1,SLEEPER,SL,72
CO001002,J000093,S2,SLEEPER,SL,72
CO001003,J000093,S3,SLEEPER,SL,72
CO001004,J000093,S4,SLEEPER,SL,72
CO001005,J000093,S5,SLEEPER,SL,72
CO001006,J000094,B1,AC_THREE_TIER,3A,64
CO001007,J000094,B2,AC_THREE_TIER,3A,64
CO001008,J000094,B3,AC_THREE_TIER,3A,64
CO001009,J000094,B4,AC_THREE_TIER,3A,64
CO001010,J000094,A1,AC_TWO_TIER,2A,48
CO001011,J000094,A2,AC_TWO_TIER,2A,48
CO001012,J000094,S1,SLEEPER,SL,72
CO001013,J000094,S2,SLEEPER,SL,72
CO001014,J000094,S3,SLEEPER,SL,72
CO001015,J000094,S4,SLEEPER,SL,72
CO001016,J000094,S5,SLEEPER,SL,72
CO001017,J000095,B1,AC_THREE_TIER,3A,64
CO001018,J000095,B2,AC_THREE_TIER,3A,64
CO001019,J000095,B3,AC_THREE_TIER,3A,64
CO001020,J000095,B4,AC_THREE_TIER,3A,64
CO001021,J000095,A1,AC_TWO_TIER,2A,48
CO001022,J000095,A2,AC_TWO_TIER,2A,48
CO001023,J000095,S1,SLEEPER,SL,72
CO001024,J000095,S2,SLEEPER,SL,72
CO001025,J000095,S3,SLEEPER,SL,72
CO001026,J000095,S4,SLEEPER,SL,72
CO001027,J000095,S5,SLEEPER,SL,72
CO001028,J000096,B1,AC_THREE_TIER,3A,64
CO001029,J000096,B2,AC_THREE_TIER,3A,64
CO001030,J000096,B3,AC_THREE_TIER,3A,64
CO001031,J000096,B4,AC_THREE_TIER,3A,64
CO001032,J000096,A1,AC_TWO_TIER,2A,48
CO001033,J000096,A2,AC_TWO_TIER,2A,48
CO001034,J000096,S1,SLEEPER,SL,72
CO001035,J000096,S2,SLEEPER,SL,72
CO001036,J000096,S3,SLEEPER,SL,72
CO001037,J000096,S4,SLEEPER,SL,72
CO001038,J000096,S5,SLEEPER,SL,72
CO001039,J000097,C1,CHAIR_CAR,CC,78
CO001040,J000097,C2,CHAIR_CAR,CC,78
CO001041,J000097,C3,CHAIR_CAR,CC,78
CO001042,J000097,C4,CHAIR_CAR,CC,78
CO001043,J000097,C5,CHAIR_CAR,CC,78
CO001044,J000097,C6,CHAIR_CAR,CC,78
CO001045,J000097,E1,EXECUTIVE_CHAIR_CAR,EC,56
CO001046,J000097,E2,EXECUTIVE_CHAIR_CAR,EC,56
CO001047,J000098,C1,CHAIR_CAR,CC,78
CO001048,J000098,C2,CHAIR_CAR,CC,78
CO001049,J000098,C3,CHAIR_CAR,CC,78
CO001050,J000098,C4,CHAIR_CAR,CC,78
CO001051,J000098,C5,CHAIR_CAR,CC,78
CO001052,J000098,C6,CHAIR_CAR,CC,78
CO001053,J000098,E1,EXECUTIVE_CHAIR_CAR,EC,56
CO001054,J000098,E2,EXECUTIVE_CHAIR_CAR,EC,56
CO001055,J000099,C1,CHAIR_CAR,CC,78
CO001056,J000099,C2,CHAIR_CAR,CC,78
CO001057,J000099,C3,CHAIR_CAR,CC,78
CO001058,J000099,C4,CHAIR_CAR,CC,78
CO001059,J000099,C5,CHAIR_CAR,CC,78
CO001060,J000099,C6,CHAIR_CAR,CC,78
CO001061,J000099,E1,EXECUTIVE_CHAIR_CAR,EC,56
CO001062,J000099,E2,EXECUTIVE_CHAIR_CAR,EC,56
CO001063,J000100,C1,CHAIR_CAR,CC,78
CO001064,J000100,C2,CHAIR_CAR,CC,78
CO001065,J000100,C3,CHAIR_CAR,CC,78
CO001066,J000100,C4,CHAIR_CAR,CC,78
CO001067,J000100,C5,CHAIR_CAR,CC,78
CO001068,J000100,C6,CHAIR_CAR,CC,78
CO001069,J000100,E1,EXECUTIVE_CHAIR_CAR,EC,56
CO001070,J000100,E2,EXECUTIVE_CHAIR_CAR,EC,56
CO001071,J000101,C1,CHAIR_CAR,CC,78
CO001072,J000101,C2,CHAIR_CAR,CC,78
CO001073,J000101,C3,CHAIR_CAR,CC,78
CO001074,J000101,C4,CHAIR_CAR,CC,78
CO001075,J000101,C5,CHAIR_CAR,CC,78
CO001076,J000101,C6,CHAIR_CAR,CC,78
CO001077,J000101,E1,EXECUTIVE_CHAIR_CAR,EC,56
CO001078,J000101,E2,EXECUTIVE_CHAIR_CAR,EC,56
CO001079,J000102,C1,CHAIR_CAR,CC,78
CO001080,J000102,C2,CHAIR_CAR,CC,78
CO001081,J000102,C3,CHAIR_CAR,CC,78
CO001082,J000102,C4,CHAIR_CAR,CC,78
CO001083,J000102,C5,CHAIR_CAR,CC,78
CO001084,J000102,C6,CHAIR_CAR,CC,78
CO001085,J000102,E1,EXECUTIVE_CHAIR_CAR,EC,56
CO001086,J000102,E2,EXECUTIVE_CHAIR_CAR,EC,56
CO001087,J000103,B1,AC_THREE_TIER,3A,64
CO001088,J000103,B2,AC_THREE_TIER,3A,64
CO001089,J000103,B3,AC_THREE_TIER,3A,64
CO001090,J000103,B4,AC_THREE_TIER,3A,64
CO001091,J000103,A1,AC_TWO_TIER,2A,48
CO001092,J000103,A2,AC_TWO_TIER,2A,48
CO001093,J000103,S1,SLEEPER,SL,72
CO001094,J000103,S2,SLEEPER,SL,72
CO001095,J000103,S3,SLEEPER,SL,72
CO001096,J000103,S4,SLEEPER,SL,72
CO001097,J000103,S5,SLEEPER,SL,72
CO001098,J000104,B1,AC_THREE_TIER,3A,64
CO001099,J000104,B2,AC_THREE_TIER,3A,64
CO001100,J000104,B3,AC_THREE_TIER,3A,64
CO001101,J000104,B4,AC_THREE_TIER,3A,64
CO001102,J000104,A1,AC_TWO_TIER,2A,48
CO001103,J000104,A2,AC_TWO_TIER,2A,48
CO001104,J000104,S1,SLEEPER,SL,72
CO001105,J000104,S2,SLEEPER,SL,72
CO001106,J000104,S3,SLEEPER,SL,72
CO001107,J000104,S4,SLEEPER,SL,72
CO001108,J000104,S5,SLEEPER,SL,72
CO001109,J000105,B1,AC_THREE_TIER,3A,64
CO001110,J000105,B2,AC_THREE_TIER,3A,64
CO001111,J000105,B3,AC_THREE_TIER,3A,64
CO001112,J000105,B4,AC_THREE_TIER,3A,64
CO001113,J000105,A1,AC_TWO_TIER,2A,48
CO001114,J000105,A2,AC_TWO_TIER,2A,48
CO001115,J000105,S1,SLEEPER,SL,72
CO001116,J000105,S2,SLEEPER,SL,72
CO001117,J000105,S3,SLEEPER,SL,72
CO001118,J000105,S4,SLEEPER,SL,72
CO001119,J000105,S5,SLEEPER,SL,72
CO001120,J000106,B1,AC_THREE_TIER,3A,64
CO001121,J000106,B2,AC_THREE_TIER,3A,64
CO001122,J000106,B3,AC_THREE_TIER,3A,64
CO001123,J000106,B4,AC_THREE_TIER,3A,64
CO001124,J000106,A1,AC_TWO_TIER,2A,48
CO001125,J000106,A2,AC_TWO_TIER,2A,48
CO001126,J000106,S1,SLEEPER,SL,72
CO001127,J000106,S2,SLEEPER,SL,72
CO001128,J000106,S3,SLEEPER,SL,72
CO001129,J000106,S4,SLEEPER,SL,72
CO001130,J000106,S5,SLEEPER,SL,72
CO001131,J000107,B1,AC_THREE_TIER,3A,64
CO001132,J000107,B2,AC_THREE_TIER,3A,64
CO001133,J000107,B3,AC_THREE_TIER,3A,64
CO001134,J000107,B4,AC_THREE_TIER,3A,64
CO001135,J000107,A1,AC_TWO_TIER,2A,48
CO001136,J000107,A2,AC_TWO_TIER,2A,48
CO001137,J000107,S1,SLEEPER,SL,72
CO001138,J000107,S2,SLEEPER,SL,72
CO001139,J000107,S3,SLEEPER,SL,72
CO001140,J000107,S4,SLEEPER,SL,72
CO001141,J000107,S5,SLEEPER,SL,72
CO001142,J000108,B1,AC_THREE_TIER,3A,64
CO001143,J000108,B2,AC_THREE_TIER,3A,64
CO001144,J000108,B3,AC_THREE_TIER,3A,64
CO001145,J000108,B4,AC_THREE_TIER,3A,64
CO001146,J000108,A1,AC_TWO_TIER,2A,48
CO001147,J000108,A2,AC_TWO_TIER,2A,48
CO001148,J000108,S1,SLEEPER,SL,72
CO001149,J000108,S2,SLEEPER,SL,72
CO001150,J000108,S3,SLEEPER,SL,72
CO001151,J000108,S4,SLEEPER,SL,72
CO001152,J000108,S5,SLEEPER,SL,72
CO001153,J000109,B1,AC_THREE_TIER,3A,64
CO001154,J000109,B2,AC_THREE_TIER,3A,64
CO001155,J000109,B3,AC_THREE_TIER,3A,64
CO001156,J000109,B4,AC_THREE_TIER,3A,64
CO001157,J000109,A1,AC_TWO_TIER,2A,48
CO001158,J000109,A2,AC_TWO_TIER,2A,48
CO001159,J000109,S1,SLEEPER,SL,72
CO001160,J000109,S2,SLEEPER,SL,72
CO001161,J000109,S3,SLEEPER,SL,72
CO001162,J000109,S4,SLEEPER,SL,72
CO001163,J000109,S5,SLEEPER,SL,72
CO001164,J000110,B1,AC_THREE_TIER,3A,64
CO001165,J000110,B2,AC_THREE_TIER,3A,64
CO001166,J000110,B3,AC_THREE_TIER,3A,64
CO001167,J000110,B4,AC_THREE_TIER,3A,64
CO001168,J000110,A1,AC_TWO_TIER,2A,48
CO001169,J000110,A2,AC_TWO_TIER,2A,48
CO001170,J000110,S1,SLEEPER,SL,72
CO001171,J000110,S2,SLEEPER,SL,72
CO001172,J000110,S3,SLEEPER,SL,72
CO001173,J000110,S4,SLEEPER,SL,72
CO001174,J000110,S5,SLEEPER,SL,72
CO001175,J000111,B1,AC_THREE_TIER,3A,64
CO001176,J000111,B2,AC_THREE_TIER,3A,64
CO001177,J000111,B3,AC_THREE_TIER,3A,64
CO001178,J000111,B4,AC_THREE_TIER,3A,64
CO001179,J000111,A1,AC_TWO_TIER,2A,48
CO001180,J000111,A2,AC_TWO_TIER,2A,48
CO001181,J000111,S1,SLEEPER,SL,72
CO001182,J000111,S2,SLEEPER,SL,72
CO001183,J000111,S3,SLEEPER,SL,72
CO001184,J000111,S4,SLEEPER,SL,72
CO001185,J000111,S5,SLEEPER,SL,72
CO001186,J000112,B1,AC_THREE_TIER,3A,64
CO001187,J000112,B2,AC_THREE_TIER,3A,64
CO001188,J000112,B3,AC_THREE_TIER,3A,64
CO001189,J000112,B4,AC_THREE_TIER,3A,64
CO001190,J000112,A1,AC_TWO_TIER,2A,48
CO001191,J000112,A2,AC_TWO_TIER,2A,48
CO001192,J000112,S1,SLEEPER,SL,72
CO001193,J000112,S2,SLEEPER,SL,72
CO001194,J000112,S3,SLEEPER,SL,72
CO001195,J000112,S4,SLEEPER,SL,72
CO001196,J000112,S5,SLEEPER,SL,72
CO001197,J000113,B1,AC_THREE_TIER,3A,64
CO001198,J000113,B2,AC_THREE_TIER,3A,64
CO001199,J000113,B3,AC_THREE_TIER,3A,64
CO001200,J000113,B4,AC_THREE_TIER,3A,64
CO001201,J000113,A1,AC_TWO_TIER,2A,48
CO001202,J000113,A2,AC_TWO_TIER,2A,48
CO001203,J000113,S1,SLEEPER,SL,72
CO001204,J000113,S2,SLEEPER,SL,72
CO001205,J000113,S3,SLEEPER,SL,72
CO001206,J000113,S4,SLEEPER,SL,72
CO001207,J000113,S5,SLEEPER,SL,72
CO001208,J000114,B1,AC_THREE_TIER,3A,64
CO001209,J000114,B2,AC_THREE_TIER,3A,64
CO001210,J000114,B3,AC_THREE_TIER,3A,64
CO001211,J000114,B4,AC_THREE_TIER,3A,64
CO001212,J000114,A1,AC_TWO_TIER,2A,48
CO001213,J000114,A2,AC_TWO_TIER,2A,48
CO001214,J000114,S1,SLEEPER,SL,72
CO001215,J000114,S2,SLEEPER,SL,72
CO001216,J000114,S3,SLEEPER,SL,72
CO001217,J000114,S4,SLEEPER,SL,72
CO001218,J000114,S5,SLEEPER,SL,72
CO001219,J000115,C1,CHAIR_CAR,CC,78
CO001220,J000115,C2,CHAIR_CAR,CC,78
CO001221,J000115,C3,CHAIR_CAR,CC,78
CO001222,J000115,C4,CHAIR_CAR,CC,78
CO001223,J000115,C5,CHAIR_CAR,CC,78
CO001224,J000115,C6,CHAIR_CAR,CC,78
CO001225,J000115,E1,EXECUTIVE_CHAIR_CAR,EC,56
CO001226,J000115,E2,EXECUTIVE_CHAIR_CAR,EC,56
CO001227,J000116,C1,CHAIR_CAR,CC,78
CO001228,J000116,C2,CHAIR_CAR,CC,78
CO001229,J000116,C3,CHAIR_CAR,CC,78
CO001230,J000116,C4,CHAIR_CAR,CC,78
CO001231,J000116,C5,CHAIR_CAR,CC,78
CO001232,J000116,C6,CHAIR_CAR,CC,78
CO001233,J000116,E1,EXECUTIVE_CHAIR_CAR,EC,56
CO001234,J000116,E2,EXECUTIVE_CHAIR_CAR,EC,56
CO001235,J000117,C1,CHAIR_CAR,CC,78
CO001236,J000117,C2,CHAIR_CAR,CC,78
CO001237,J000117,C3,CHAIR_CAR,CC,78
CO001238,J000117,C4,CHAIR_CAR,CC,78
CO001239,J000117,C5,CHAIR_CAR,CC,78
CO001240,J000117,C6,CHAIR_CAR,CC,78
CO001241,J000117,E1,EXECUTIVE_CHAIR_CAR,EC,56
CO001242,J000117,E2,EXECUTIVE_CHAIR_CAR,EC,56
CO001243,J000118,C1,CHAIR_CAR,CC,78
CO001244,J000118,C2,CHAIR_CAR,CC,78
CO001245,J000118,C3,CHAIR_CAR,CC,78
CO001246,J000118,C4,CHAIR_CAR,CC,78
CO001247,J000118,C5,CHAIR_CAR,CC,78
CO001248,J000118,C6,CHAIR_CAR,CC,78
CO001249,J000118,E1,EXECUTIVE_CHAIR_CAR,EC,56
CO001250,J000118,E2,EXECUTIVE_CHAIR_CAR,EC,56
CO001251,J000119,C1,CHAIR_CAR,CC,78
CO001252,J000119,C2,CHAIR_CAR,CC,78
CO001253,J000119,C3,CHAIR_CAR,CC,78
CO001254,J000119,C4,CHAIR_CAR,CC,78
CO001255,J000119,C5,CHAIR_CAR,CC,78
CO001256,J000119,C6,CHAIR_CAR,CC,78
CO001257,J000119,E1,EXECUTIVE_CHAIR_CAR,EC,56
CO001258,J000119,E2,EXECUTIVE_CHAIR_CAR,EC,56
CO001259,J000120,C1,CHAIR_CAR,CC,78
CO001260,J000120,C2,CHAIR_CAR,CC,78
CO001261,J000120,C3,CHAIR_CAR,CC,78
CO001262,J000120,C4,CHAIR_CAR,CC,78
CO001263,J000120,C5,CHAIR_CAR,CC,78
CO001264,J000120,C6,CHAIR_CAR,CC,78
CO001265,J000120,E1,EXECUTIVE_CHAIR_CAR,EC,56
CO001266,J000120,E2,EXECUTIVE_CHAIR_CAR,EC,56
CO001267,J000121,B1,AC_THREE_TIER,3A,64
CO001268,J000121,B2,AC_THREE_TIER,3A,64
CO001269,J000121,B3,AC_THREE_TIER,3A,64
CO001270,J000121,B4,AC_THREE_TIER,3A,64
CO001271,J000121,A1,AC_TWO_TIER,2A,48
CO001272,J000121,A2,AC_TWO_TIER,2A,48
CO001273,J000121,S1,SLEEPER,SL,72
CO001274,J000121,S2,SLEEPER,SL,72
CO001275,J000121,S3,SLEEPER,SL,72
CO001276,J000121,S4,SLEEPER,SL,72
CO001277,J000121,S5,SLEEPER,SL,72
CO001278,J000122,B1,AC_THREE_TIER,3A,64
CO001279,J000122,B2,AC_THREE_TIER,3A,64
CO001280,J000122,B3,AC_THREE_TIER,3A,64
CO001281,J000122,B4,AC_THREE_TIER,3A,64
CO001282,J000122,A1,AC_TWO_TIER,2A,48
CO001283,J000122,A2,AC_TWO_TIER,2A,48
CO001284,J000122,S1,SLEEPER,SL,72
CO001285,J000122,S2,SLEEPER,SL,72
CO001286,J000122,S3,SLEEPER,SL,72
CO001287,J000122,S4,SLEEPER,SL,72
CO001288,J000122,S5,SLEEPER,SL,72
CO001289,J000123,B1,AC_THREE_TIER,3A,64
CO001290,J000123,B2,AC_THREE_TIER,3A,64
CO001291,J000123,B3,AC_THREE_TIER,3A,64
CO001292,J000123,B4,AC_THREE_TIER,3A,64
CO001293,J000123,A1,AC_TWO_TIER,2A,48
CO001294,J000123,A2,AC_TWO_TIER,2A,48
CO001295,J000123,S1,SLEEPER,SL,72
CO001296,J000123,S2,SLEEPER,SL,72
CO001297,J000123,S3,SLEEPER,SL,72
CO001298,J000123,S4,SLEEPER,SL,72
CO001299,J000123,S5,SLEEPER,SL,72
CO001300,J000124,B1,AC_THREE_TIER,3A,64
CO001301,J000124,B2,AC_THREE_TIER,3A,64
CO001302,J000124,B3,AC_THREE_TIER,3A,64
CO001303,J000124,B4,AC_THREE_TIER,3A,64
CO001304,J000124,A1,AC_TWO_TIER,2A,48
CO001305,J000124,A2,AC_TWO_TIER,2A,48
CO001306,J000124,S1,SLEEPER,SL,72
CO001307,J000124,S2,SLEEPER,SL,72
CO001308,J000124,S3,SLEEPER,SL,72
CO001309,J000124,S4,SLEEPER,SL,72
CO001310,J000124,S5,SLEEPER,SL,72
CO001311,J000125,B1,AC_THREE_TIER,3A,64
CO001312,J000125,B2,AC_THREE_TIER,3A,64
CO001313,J000125,B3,AC_THREE_TIER,3A,64
CO001314,J000125,B4,AC_THREE_TIER,3A,64
CO001315,J000125,A1,AC_TWO_TIER,2A,48
CO001316,J000125,A2,AC_TWO_TIER,2A,48
CO001317,J000125,S1,SLEEPER,SL,72
CO001318,J000125,S2,SLEEPER,SL,72
CO001319,J000125,S3,SLEEPER,SL,72
CO001320,J000125,S4,SLEEPER,SL,72
CO001321,J000125,S5,SLEEPER,SL,72
CO001322,J000126,B1,AC_THREE_TIER,3A,64
CO001323,J000126,B2,AC_THREE_TIER,3A,64
CO001324,J000126,B3,AC_THREE_TIER,3A,64
CO001325,J000126,B4,AC_THREE_TIER,3A,64
CO001326,J000126,A1,AC_TWO_TIER,2A,48
CO001327,J000126,A2,AC_TWO_TIER,2A,48
CO001328,J000126,S1,SLEEPER,SL,72
CO001329,J000126,S2,SLEEPER,SL,72
CO001330,J000126,S3,SLEEPER,SL,72
CO001331,J000126,S4,SLEEPER,SL,72
CO001332,J000126,S5,SLEEPER,SL,72
CO001333,J000127,B1,AC_THREE_TIER,3A,64
CO001334,J000127,B2,AC_THREE_TIER,3A,64
CO001335,J000127,B3,AC_THREE_TIER,3A,64
CO001336,J000127,B4,AC_THREE_TIER,3A,64
CO001337,J000127,B5,AC_THREE_TIER,3A,64
CO001338,J000127,B6,AC_THREE_TIER,3A,64
CO001339,J000127,A1,AC_TWO_TIER,2A,48
CO001340,J000127,A2,AC_TWO_TIER,2A,48
CO001341,J000127,A3,AC_TWO_TIER,2A,48
CO001342,J000127,S1,SLEEPER,SL,72
CO001343,J000127,S2,SLEEPER,SL,72
CO001344,J000128,B1,AC_THREE_TIER,3A,64
CO001345,J000128,B2,AC_THREE_TIER,3A,64
CO001346,J000128,B3,AC_THREE_TIER,3A,64
CO001347,J000128,B4,AC_THREE_TIER,3A,64
CO001348,J000128,B5,AC_THREE_TIER,3A,64
CO001349,J000128,B6,AC_THREE_TIER,3A,64
CO001350,J000128,A1,AC_TWO_TIER,2A,48
CO001351,J000128,A2,AC_TWO_TIER,2A,48
CO001352,J000128,A3,AC_TWO_TIER,2A,48
CO001353,J000128,S1,SLEEPER,SL,72
CO001354,J000128,S2,SLEEPER,SL,72
CO001355,J000129,B1,AC_THREE_TIER,3A,64
CO001356,J000129,B2,AC_THREE_TIER,3A,64
CO001357,J000129,B3,AC_THREE_TIER,3A,64
CO001358,J000129,B4,AC_THREE_TIER,3A,64
CO001359,J000129,B5,AC_THREE_TIER,3A,64
CO001360,J000129,B6,AC_THREE_TIER,3A,64
CO001361,J000129,A1,AC_TWO_TIER,2A,48
CO001362,J000129,A2,AC_TWO_TIER,2A,48
CO001363,J000129,A3,AC_TWO_TIER,2A,48
CO001364,J000129,S1,SLEEPER,SL,72
CO001365,J000129,S2,SLEEPER,SL,72
CO001366,J000130,B1,AC_THREE_TIER,3A,64
CO001367,J000130,B2,AC_THREE_TIER,3A,64
CO001368,J000130,B3,AC_THREE_TIER,3A,64
CO001369,J000130,B4,AC_THREE_TIER,3A,64
CO001370,J000130,B5,AC_THREE_TIER,3A,64
CO001371,J000130,B6,AC_THREE_TIER,3A,64
CO001372,J000130,A1,AC_TWO_TIER,2A,48
CO001373,J000130,A2,AC_TWO_TIER,2A,48
CO001374,J000130,A3,AC_TWO_TIER,2A,48
CO001375,J000130,S1,SLEEPER,SL,72
CO001376,J000130,S2,SLEEPER,SL,72
CO001377,J000131,B1,AC_THREE_TIER,3A,64
CO001378,J000131,B2,AC_THREE_TIER,3A,64
CO001379,J000131,B3,AC_THREE_TIER,3A,64
CO001380,J000131,B4,AC_THREE_TIER,3A,64
CO001381,J000131,B5,AC_THREE_TIER,3A,64
CO001382,J000131,B6,AC_THREE_TIER,3A,64
CO001383,J000131,A1,AC_TWO_TIER,2A,48
CO001384,J000131,A2,AC_TWO_TIER,2A,48
CO001385,J000131,A3,AC_TWO_TIER,2A,48
CO001386,J000131,S1,SLEEPER,SL,72
CO001387,J000131,S2,SLEEPER,SL,72
CO001388,J000132,B1,AC_THREE_TIER,3A,64
CO001389,J000132,B2,AC_THREE_TIER,3A,64
CO001390,J000132,B3,AC_THREE_TIER,3A,64
CO001391,J000132,B4,AC_THREE_TIER,3A,64
CO001392,J000132,B5,AC_THREE_TIER,3A,64
CO001393,J000132,B6,AC_THREE_TIER,3A,64
CO001394,J000132,A1,AC_TWO_TIER,2A,48
CO001395,J000132,A2,AC_TWO_TIER,2A,48
CO001396,J000132,A3,AC_TWO_TIER,2A,48
CO001397,J000132,S1,SLEEPER,SL,72
CO001398,J000132,S2,SLEEPER,SL,72
CO001399,J000133,C1,CHAIR_CAR,CC,78
CO001400,J000133,C2,CHAIR_CAR,CC,78
CO001401,J000133,C3,CHAIR_CAR,CC,78
CO001402,J000133,C4,CHAIR_CAR,CC,78
CO001403,J000133,C5,CHAIR_CAR,CC,78
CO001404,J000133,C6,CHAIR_CAR,CC,78
CO001405,J000133,E1,EXECUTIVE_CHAIR_CAR,EC,56
CO001406,J000133,E2,EXECUTIVE_CHAIR_CAR,EC,56
CO001407,J000134,C1,CHAIR_CAR,CC,78
CO001408,J000134,C2,CHAIR_CAR,CC,78
CO001409,J000134,C3,CHAIR_CAR,CC,78
CO001410,J000134,C4,CHAIR_CAR,CC,78
CO001411,J000134,C5,CHAIR_CAR,CC,78
CO001412,J000134,C6,CHAIR_CAR,CC,78
CO001413,J000134,E1,EXECUTIVE_CHAIR_CAR,EC,56
CO001414,J000134,E2,EXECUTIVE_CHAIR_CAR,EC,56
CO001415,J000135,C1,CHAIR_CAR,CC,78
CO001416,J000135,C2,CHAIR_CAR,CC,78
CO001417,J000135,C3,CHAIR_CAR,CC,78
CO001418,J000135,C4,CHAIR_CAR,CC,78
CO001419,J000135,C5,CHAIR_CAR,CC,78
CO001420,J000135,C6,CHAIR_CAR,CC,78
CO001421,J000135,E1,EXECUTIVE_CHAIR_CAR,EC,56
CO001422,J000135,E2,EXECUTIVE_CHAIR_CAR,EC,56
CO001423,J000136,C1,CHAIR_CAR,CC,78
CO001424,J000136,C2,CHAIR_CAR,CC,78
CO001425,J000136,C3,CHAIR_CAR,CC,78
CO001426,J000136,C4,CHAIR_CAR,CC,78
CO001427,J000136,C5,CHAIR_CAR,CC,78
CO001428,J000136,C6,CHAIR_CAR,CC,78
CO001429,J000136,E1,EXECUTIVE_CHAIR_CAR,EC,56
CO001430,J000136,E2,EXECUTIVE_CHAIR_CAR,EC,56
CO001431,J000137,C1,CHAIR_CAR,CC,78
CO001432,J000137,C2,CHAIR_CAR,CC,78
CO001433,J000137,C3,CHAIR_CAR,CC,78
CO001434,J000137,C4,CHAIR_CAR,CC,78
CO001435,J000137,C5,CHAIR_CAR,CC,78
CO001436,J000137,C6,CHAIR_CAR,CC,78
CO001437,J000137,E1,EXECUTIVE_CHAIR_CAR,EC,56
CO001438,J000137,E2,EXECUTIVE_CHAIR_CAR,EC,56
CO001439,J000138,C1,CHAIR_CAR,CC,78
CO001440,J000138,C2,CHAIR_CAR,CC,78
CO001441,J000138,C3,CHAIR_CAR,CC,78
CO001442,J000138,C4,CHAIR_CAR,CC,78
CO001443,J000138,C5,CHAIR_CAR,CC,78
CO001444,J000138,C6,CHAIR_CAR,CC,78
CO001445,J000138,E1,EXECUTIVE_CHAIR_CAR,EC,56
CO001446,J000138,E2,EXECUTIVE_CHAIR_CAR,EC,56
CO001447,J000139,B1,AC_THREE_TIER,3A,64
CO001448,J000139,B2,AC_THREE_TIER,3A,64
CO001449,J000139,B3,AC_THREE_TIER,3A,64
CO001450,J000139,B4,AC_THREE_TIER,3A,64
CO001451,J000139,A1,AC_TWO_TIER,2A,48
CO001452,J000139,A2,AC_TWO_TIER,2A,48
CO001453,J000139,S1,SLEEPER,SL,72
CO001454,J000139,S2,SLEEPER,SL,72
CO001455,J000139,S3,SLEEPER,SL,72
CO001456,J000139,S4,SLEEPER,SL,72
CO001457,J000139,S5,SLEEPER,SL,72
CO001458,J000140,B1,AC_THREE_TIER,3A,64
CO001459,J000140,B2,AC_THREE_TIER,3A,64
CO001460,J000140,B3,AC_THREE_TIER,3A,64
CO001461,J000140,B4,AC_THREE_TIER,3A,64
CO001462,J000140,A1,AC_TWO_TIER,2A,48
CO001463,J000140,A2,AC_TWO_TIER,2A,48
CO001464,J000140,S1,SLEEPER,SL,72
CO001465,J000140,S2,SLEEPER,SL,72
CO001466,J000140,S3,SLEEPER,SL,72
CO001467,J000140,S4,SLEEPER,SL,72
CO001468,J000140,S5,SLEEPER,SL,72
CO001469,J000141,B1,AC_THREE_TIER,3A,64
CO001470,J000141,B2,AC_THREE_TIER,3A,64
CO001471,J000141,B3,AC_THREE_TIER,3A,64
CO001472,J000141,B4,AC_THREE_TIER,3A,64
CO001473,J000141,A1,AC_TWO_TIER,2A,48
CO001474,J000141,A2,AC_TWO_TIER,2A,48
CO001475,J000141,S1,SLEEPER,SL,72
CO001476,J000141,S2,SLEEPER,SL,72
CO001477,J000141,S3,SLEEPER,SL,72
CO001478,J000141,S4,SLEEPER,SL,72
CO001479,J000141,S5,SLEEPER,SL,72
CO001480,J000142,B1,AC_THREE_TIER,3A,64
CO001481,J000142,B2,AC_THREE_TIER,3A,64
CO001482,J000142,B3,AC_THREE_TIER,3A,64
CO001483,J000142,B4,AC_THREE_TIER,3A,64
CO001484,J000142,A1,AC_TWO_TIER,2A,48
CO001485,J000142,A2,AC_TWO_TIER,2A,48
CO001486,J000142,S1,SLEEPER,SL,72
CO001487,J000142,S2,SLEEPER,SL,72
CO001488,J000142,S3,SLEEPER,SL,72
CO001489,J000142,S4,SLEEPER,SL,72
CO001490,J000142,S5,SLEEPER,SL,72
CO001491,J000143,B1,AC_THREE_TIER,3A,64
CO001492,J000143,B2,AC_THREE_TIER,3A,64
CO001493,J000143,B3,AC_THREE_TIER,3A,64
CO001494,J000143,B4,AC_THREE_TIER,3A,64
CO001495,J000143,A1,AC_TWO_TIER,2A,48
CO001496,J000143,A2,AC_TWO_TIER,2A,48
CO001497,J000143,S1,SLEEPER,SL,72
CO001498,J000143,S2,SLEEPER,SL,72
CO001499,J000143,S3,SLEEPER,SL,72
CO001500,J000143,S4,SLEEPER,SL,72
CO001501,J000143,S5,SLEEPER,SL,72
CO001502,J000144,B1,AC_THREE_TIER,3A,64
CO001503,J000144,B2,AC_THREE_TIER,3A,64
CO001504,J000144,B3,AC_THREE_TIER,3A,64
CO001505,J000144,B4,AC_THREE_TIER,3A,64
CO001506,J000144,A1,AC_TWO_TIER,2A,48
CO001507,J000144,A2,AC_TWO_TIER,2A,48
CO001508,J000144,S1,SLEEPER,SL,72
CO001509,J000144,S2,SLEEPER,SL,72
CO001510,J000144,S3,SLEEPER,SL,72
CO001511,J000144,S4,SLEEPER,SL,72
CO001512,J000144,S5,SLEEPER,SL,72
CO001513,J000145,S1,SLEEPER,SL,72
CO001514,J000145,S2,SLEEPER,SL,72
CO001515,J000145,S3,SLEEPER,SL,72
CO001516,J000145,S4,SLEEPER,SL,72
CO001517,J000145,S5,SLEEPER,SL,72
CO001518,J000145,S6,SLEEPER,SL,72
CO001519,J000145,S7,SLEEPER,SL,72
CO001520,J000145,S8,SLEEPER,SL,72
CO001521,J000145,S9,SLEEPER,SL,72
CO001522,J000145,B1,AC_THREE_TIER,3A,64
CO001523,J000145,B2,AC_THREE_TIER,3A,64
CO001524,J000145,B3,AC_THREE_TIER,3A,64
CO001525,J000145,B4,AC_THREE_TIER,3A,64
CO001526,J000145,A1,AC_TWO_TIER,2A,48
CO001527,J000145,A2,AC_TWO_TIER,2A,48
CO001528,J000146,S1,SLEEPER,SL,72
CO001529,J000146,S2,SLEEPER,SL,72
CO001530,J000146,S3,SLEEPER,SL,72
CO001531,J000146,S4,SLEEPER,SL,72
CO001532,J000146,S5,SLEEPER,SL,72
CO001533,J000146,S6,SLEEPER,SL,72
CO001534,J000146,S7,SLEEPER,SL,72
CO001535,J000146,S8,SLEEPER,SL,72
CO001536,J000146,S9,SLEEPER,SL,72
CO001537,J000146,B1,AC_THREE_TIER,3A,64
CO001538,J000146,B2,AC_THREE_TIER,3A,64
CO001539,J000146,B3,AC_THREE_TIER,3A,64
CO001540,J000146,B4,AC_THREE_TIER,3A,64
CO001541,J000146,A1,AC_TWO_TIER,2A,48
CO001542,J000146,A2,AC_TWO_TIER,2A,48
CO001543,J000147,S1,SLEEPER,SL,72
CO001544,J000147,S2,SLEEPER,SL,72
CO001545,J000147,S3,SLEEPER,SL,72
CO001546,J000147,S4,SLEEPER,SL,72
CO001547,J000147,S5,SLEEPER,SL,72
CO001548,J000147,S6,SLEEPER,SL,72
CO001549,J000147,S7,SLEEPER,SL,72
CO001550,J000147,S8,SLEEPER,SL,72
CO001551,J000147,S9,SLEEPER,SL,72
CO001552,J000147,B1,AC_THREE_TIER,3A,64
CO001553,J000147,B2,AC_THREE_TIER,3A,64
CO001554,J000147,B3,AC_THREE_TIER,3A,64
CO001555,J000147,B4,AC_THREE_TIER,3A,64
CO001556,J000147,A1,AC_TWO_TIER,2A,48
CO001557,J000147,A2,AC_TWO_TIER,2A,48
CO001558,J000148,S1,SLEEPER,SL,72
CO001559,J000148,S2,SLEEPER,SL,72
CO001560,J000148,S3,SLEEPER,SL,72
CO001561,J000148,S4,SLEEPER,SL,72
CO001562,J000148,S5,SLEEPER,SL,72
CO001563,J000148,S6,SLEEPER,SL,72
CO001564,J000148,S7,SLEEPER,SL,72
CO001565,J000148,S8,SLEEPER,SL,72
CO001566,J000148,S9,SLEEPER,SL,72
CO001567,J000148,B1,AC_THREE_TIER,3A,64
CO001568,J000148,B2,AC_THREE_TIER,3A,64
CO001569,J000148,B3,AC_THREE_TIER,3A,64
CO001570,J000148,B4,AC_THREE_TIER,3A,64
CO001571,J000148,A1,AC_TWO_TIER,2A,48
CO001572,J000148,A2,AC_TWO_TIER,2A,48
CO001573,J000149,S1,SLEEPER,SL,72
CO001574,J000149,S2,SLEEPER,SL,72
CO001575,J000149,S3,SLEEPER,SL,72
CO001576,J000149,S4,SLEEPER,SL,72
CO001577,J000149,S5,SLEEPER,SL,72
CO001578,J000149,S6,SLEEPER,SL,72
CO001579,J000149,S7,SLEEPER,SL,72
CO001580,J000149,S8,SLEEPER,SL,72
CO001581,J000149,S9,SLEEPER,SL,72
CO001582,J000149,B1,AC_THREE_TIER,3A,64
CO001583,J000149,B2,AC_THREE_TIER,3A,64
CO001584,J000149,B3,AC_THREE_TIER,3A,64
CO001585,J000149,B4,AC_THREE_TIER,3A,64
CO001586,J000149,A1,AC_TWO_TIER,2A,48
CO001587,J000149,A2,AC_TWO_TIER,2A,48
CO001588,J000150,S1,SLEEPER,SL,72
CO001589,J000150,S2,SLEEPER,SL,72
CO001590,J000150,S3,SLEEPER,SL,72
CO001591,J000150,S4,SLEEPER,SL,72
CO001592,J000150,S5,SLEEPER,SL,72
CO001593,J000150,S6,SLEEPER,SL,72
CO001594,J000150,S7,SLEEPER,SL,72
CO001595,J000150,S8,SLEEPER,SL,72
CO001596,J000150,S9,SLEEPER,SL,72
CO001597,J000150,B1,AC_THREE_TIER,3A,64
CO001598,J000150,B2,AC_THREE_TIER,3A,64
CO001599,J000150,B3,AC_THREE_TIER,3A,64
CO001600,J000150,B4,AC_THREE_TIER,3A,64
CO001601,J000150,A1,AC_TWO_TIER,2A,48
CO001602,J000150,A2,AC_TWO_TIER,2A,48
CO001603,J000151,C1,CHAIR_CAR,CC,78
CO001604,J000151,C2,CHAIR_CAR,CC,78
CO001605,J000151,C3,CHAIR_CAR,CC,78
CO001606,J000151,C4,CHAIR_CAR,CC,78
CO001607,J000151,C5,CHAIR_CAR,CC,78
CO001608,J000151,C6,CHAIR_CAR,CC,78
CO001609,J000151,E1,EXECUTIVE_CHAIR_CAR,EC,56
CO001610,J000151,E2,EXECUTIVE_CHAIR_CAR,EC,56
CO001611,J000152,C1,CHAIR_CAR,CC,78
CO001612,J000152,C2,CHAIR_CAR,CC,78
CO001613,J000152,C3,CHAIR_CAR,CC,78
CO001614,J000152,C4,CHAIR_CAR,CC,78
CO001615,J000152,C5,CHAIR_CAR,CC,78
CO001616,J000152,C6,CHAIR_CAR,CC,78
CO001617,J000152,E1,EXECUTIVE_CHAIR_CAR,EC,56
CO001618,J000152,E2,EXECUTIVE_CHAIR_CAR,EC,56
CO001619,J000153,C1,CHAIR_CAR,CC,78
CO001620,J000153,C2,CHAIR_CAR,CC,78
CO001621,J000153,C3,CHAIR_CAR,CC,78
CO001622,J000153,C4,CHAIR_CAR,CC,78
CO001623,J000153,C5,CHAIR_CAR,CC,78
CO001624,J000153,C6,CHAIR_CAR,CC,78
CO001625,J000153,E1,EXECUTIVE_CHAIR_CAR,EC,56
CO001626,J000153,E2,EXECUTIVE_CHAIR_CAR,EC,56
CO001627,J000154,C1,CHAIR_CAR,CC,78
CO001628,J000154,C2,CHAIR_CAR,CC,78
CO001629,J000154,C3,CHAIR_CAR,CC,78
CO001630,J000154,C4,CHAIR_CAR,CC,78
CO001631,J000154,C5,CHAIR_CAR,CC,78
CO001632,J000154,C6,CHAIR_CAR,CC,78
CO001633,J000154,E1,EXECUTIVE_CHAIR_CAR,EC,56
CO001634,J000154,E2,EXECUTIVE_CHAIR_CAR,EC,56
CO001635,J000155,C1,CHAIR_CAR,CC,78
CO001636,J000155,C2,CHAIR_CAR,CC,78
CO001637,J000155,C3,CHAIR_CAR,CC,78
CO001638,J000155,C4,CHAIR_CAR,CC,78
CO001639,J000155,C5,CHAIR_CAR,CC,78
CO001640,J000155,C6,CHAIR_CAR,CC,78
CO001641,J000155,E1,EXECUTIVE_CHAIR_CAR,EC,56
CO001642,J000155,E2,EXECUTIVE_CHAIR_CAR,EC,56
CO001643,J000156,C1,CHAIR_CAR,CC,78
CO001644,J000156,C2,CHAIR_CAR,CC,78
CO001645,J000156,C3,CHAIR_CAR,CC,78
CO001646,J000156,C4,CHAIR_CAR,CC,78
CO001647,J000156,C5,CHAIR_CAR,CC,78
CO001648,J000156,C6,CHAIR_CAR,CC,78
CO001649,J000156,E1,EXECUTIVE_CHAIR_CAR,EC,56
CO001650,J000156,E2,EXECUTIVE_CHAIR_CAR,EC,56
CO001651,J000157,B1,AC_THREE_TIER,3A,64
CO001652,J000157,B2,AC_THREE_TIER,3A,64
CO001653,J000157,B3,AC_THREE_TIER,3A,64
CO001654,J000157,B4,AC_THREE_TIER,3A,64
CO001655,J000157,A1,AC_TWO_TIER,2A,48
CO001656,J000157,A2,AC_TWO_TIER,2A,48
CO001657,J000157,S1,SLEEPER,SL,72
CO001658,J000157,S2,SLEEPER,SL,72
CO001659,J000157,S3,SLEEPER,SL,72
CO001660,J000157,S4,SLEEPER,SL,72
CO001661,J000157,S5,SLEEPER,SL,72
CO001662,J000158,B1,AC_THREE_TIER,3A,64
CO001663,J000158,B2,AC_THREE_TIER,3A,64
CO001664,J000158,B3,AC_THREE_TIER,3A,64
CO001665,J000158,B4,AC_THREE_TIER,3A,64
CO001666,J000158,A1,AC_TWO_TIER,2A,48
CO001667,J000158,A2,AC_TWO_TIER,2A,48
CO001668,J000158,S1,SLEEPER,SL,72
CO001669,J000158,S2,SLEEPER,SL,72
CO001670,J000158,S3,SLEEPER,SL,72
CO001671,J000158,S4,SLEEPER,SL,72
CO001672,J000158,S5,SLEEPER,SL,72
CO001673,J000159,B1,AC_THREE_TIER,3A,64
CO001674,J000159,B2,AC_THREE_TIER,3A,64
CO001675,J000159,B3,AC_THREE_TIER,3A,64
CO001676,J000159,B4,AC_THREE_TIER,3A,64
CO001677,J000159,A1,AC_TWO_TIER,2A,48
CO001678,J000159,A2,AC_TWO_TIER,2A,48
CO001679,J000159,S1,SLEEPER,SL,72
CO001680,J000159,S2,SLEEPER,SL,72
CO001681,J000159,S3,SLEEPER,SL,72
CO001682,J000159,S4,SLEEPER,SL,72
CO001683,J000159,S5,SLEEPER,SL,72
CO001684,J000160,B1,AC_THREE_TIER,3A,64
CO001685,J000160,B2,AC_THREE_TIER,3A,64
CO001686,J000160,B3,AC_THREE_TIER,3A,64
CO001687,J000160,B4,AC_THREE_TIER,3A,64
CO001688,J000160,A1,AC_TWO_TIER,2A,48
CO001689,J000160,A2,AC_TWO_TIER,2A,48
CO001690,J000160,S1,SLEEPER,SL,72
CO001691,J000160,S2,SLEEPER,SL,72
CO001692,J000160,S3,SLEEPER,SL,72
CO001693,J000160,S4,SLEEPER,SL,72
CO001694,J000160,S5,SLEEPER,SL,72
CO001695,J000161,B1,AC_THREE_TIER,3A,64
CO001696,J000161,B2,AC_THREE_TIER,3A,64
CO001697,J000161,B3,AC_THREE_TIER,3A,64
CO001698,J000161,B4,AC_THREE_TIER,3A,64
CO001699,J000161,A1,AC_TWO_TIER,2A,48
CO001700,J000161,A2,AC_TWO_TIER,2A,48
CO001701,J000161,S1,SLEEPER,SL,72
CO001702,J000161,S2,SLEEPER,SL,72
CO001703,J000161,S3,SLEEPER,SL,72
CO001704,J000161,S4,SLEEPER,SL,72
CO001705,J000161,S5,SLEEPER,SL,72
CO001706,J000162,B1,AC_THREE_TIER,3A,64
CO001707,J000162,B2,AC_THREE_TIER,3A,64
CO001708,J000162,B3,AC_THREE_TIER,3A,64
CO001709,J000162,B4,AC_THREE_TIER,3A,64
CO001710,J000162,A1,AC_TWO_TIER,2A,48
CO001711,J000162,A2,AC_TWO_TIER,2A,48
CO001712,J000162,S1,SLEEPER,SL,72
CO001713,J000162,S2,SLEEPER,SL,72
CO001714,J000162,S3,SLEEPER,SL,72
CO001715,J000162,S4,SLEEPER,SL,72
CO001716,J000162,S5,SLEEPER,SL,72
CO001717,J000163,B1,AC_THREE_TIER,3A,64
CO001718,J000163,B2,AC_THREE_TIER,3A,64
CO001719,J000163,B3,AC_THREE_TIER,3A,64
CO001720,J000163,B4,AC_THREE_TIER,3A,64
CO001721,J000163,A1,AC_TWO_TIER,2A,48
CO001722,J000163,A2,AC_TWO_TIER,2A,48
CO001723,J000163,S1,SLEEPER,SL,72
CO001724,J000163,S2,SLEEPER,SL,72
CO001725,J000163,S3,SLEEPER,SL,72
CO001726,J000163,S4,SLEEPER,SL,72
CO001727,J000163,S5,SLEEPER,SL,72
CO001728,J000164,B1,AC_THREE_TIER,3A,64
CO001729,J000164,B2,AC_THREE_TIER,3A,64
CO001730,J000164,B3,AC_THREE_TIER,3A,64
CO001731,J000164,B4,AC_THREE_TIER,3A,64
CO001732,J000164,A1,AC_TWO_TIER,2A,48
CO001733,J000164,A2,AC_TWO_TIER,2A,48
CO001734,J000164,S1,SLEEPER,SL,72
CO001735,J000164,S2,SLEEPER,SL,72
CO001736,J000164,S3,SLEEPER,SL,72
CO001737,J000164,S4,SLEEPER,SL,72
CO001738,J000164,S5,SLEEPER,SL,72
CO001739,J000165,B1,AC_THREE_TIER,3A,64
CO001740,J000165,B2,AC_THREE_TIER,3A,64
CO001741,J000165,B3,AC_THREE_TIER,3A,64
CO001742,J000165,B4,AC_THREE_TIER,3A,64
CO001743,J000165,A1,AC_TWO_TIER,2A,48
CO001744,J000165,A2,AC_TWO_TIER,2A,48
CO001745,J000165,S1,SLEEPER,SL,72
CO001746,J000165,S2,SLEEPER,SL,72
CO001747,J000165,S3,SLEEPER,SL,72
CO001748,J000165,S4,SLEEPER,SL,72
CO001749,J000165,S5,SLEEPER,SL,72
CO001750,J000166,B1,AC_THREE_TIER,3A,64
CO001751,J000166,B2,AC_THREE_TIER,3A,64
CO001752,J000166,B3,AC_THREE_TIER,3A,64
CO001753,J000166,B4,AC_THREE_TIER,3A,64
CO001754,J000166,A1,AC_TWO_TIER,2A,48
CO001755,J000166,A2,AC_TWO_TIER,2A,48
CO001756,J000166,S1,SLEEPER,SL,72
CO001757,J000166,S2,SLEEPER,SL,72
CO001758,J000166,S3,SLEEPER,SL,72
CO001759,J000166,S4,SLEEPER,SL,72
CO001760,J000166,S5,SLEEPER,SL,72
CO001761,J000167,B1,AC_THREE_TIER,3A,64
CO001762,J000167,B2,AC_THREE_TIER,3A,64
CO001763,J000167,B3,AC_THREE_TIER,3A,64
CO001764,J000167,B4,AC_THREE_TIER,3A,64
CO001765,J000167,A1,AC_TWO_TIER,2A,48
CO001766,J000167,A2,AC_TWO_TIER,2A,48
CO001767,J000167,S1,SLEEPER,SL,72
CO001768,J000167,S2,SLEEPER,SL,72
CO001769,J000167,S3,SLEEPER,SL,72
CO001770,J000167,S4,SLEEPER,SL,72
CO001771,J000167,S5,SLEEPER,SL,72
CO001772,J000168,B1,AC_THREE_TIER,3A,64
CO001773,J000168,B2,AC_THREE_TIER,3A,64
CO001774,J000168,B3,AC_THREE_TIER,3A,64
CO001775,J000168,B4,AC_THREE_TIER,3A,64
CO001776,J000168,A1,AC_TWO_TIER,2A,48
CO001777,J000168,A2,AC_TWO_TIER,2A,48
CO001778,J000168,S1,SLEEPER,SL,72
CO001779,J000168,S2,SLEEPER,SL,72
CO001780,J000168,S3,SLEEPER,SL,72
CO001781,J000168,S4,SLEEPER,SL,72
CO001782,J000168,S5,SLEEPER,SL,72
CO001783,J000169,S1,SLEEPER,SL,72
CO001784,J000169,S2,SLEEPER,SL,72
CO001785,J000169,S3,SLEEPER,SL,72
CO001786,J000169,S4,SLEEPER,SL,72
CO001787,J000169,S5,SLEEPER,SL,72
CO001788,J000169,S6,SLEEPER,SL,72
CO001789,J000169,S7,SLEEPER,SL,72
CO001790,J000169,S8,SLEEPER,SL,72
CO001791,J000169,S9,SLEEPER,SL,72
CO001792,J000169,B1,AC_THREE_TIER,3A,64
CO001793,J000169,B2,AC_THREE_TIER,3A,64
CO001794,J000169,B3,AC_THREE_TIER,3A,64
CO001795,J000169,B4,AC_THREE_TIER,3A,64
CO001796,J000169,A1,AC_TWO_TIER,2A,48
CO001797,J000169,A2,AC_TWO_TIER,2A,48
CO001798,J000170,S1,SLEEPER,SL,72
CO001799,J000170,S2,SLEEPER,SL,72
CO001800,J000170,S3,SLEEPER,SL,72
CO001801,J000170,S4,SLEEPER,SL,72
CO001802,J000170,S5,SLEEPER,SL,72
CO001803,J000170,S6,SLEEPER,SL,72
CO001804,J000170,S7,SLEEPER,SL,72
CO001805,J000170,S8,SLEEPER,SL,72
CO001806,J000170,S9,SLEEPER,SL,72
CO001807,J000170,B1,AC_THREE_TIER,3A,64
CO001808,J000170,B2,AC_THREE_TIER,3A,64
CO001809,J000170,B3,AC_THREE_TIER,3A,64
CO001810,J000170,B4,AC_THREE_TIER,3A,64
CO001811,J000170,A1,AC_TWO_TIER,2A,48
CO001812,J000170,A2,AC_TWO_TIER,2A,48
CO001813,J000171,S1,SLEEPER,SL,72
CO001814,J000171,S2,SLEEPER,SL,72
CO001815,J000171,S3,SLEEPER,SL,72
CO001816,J000171,S4,SLEEPER,SL,72
CO001817,J000171,S5,SLEEPER,SL,72
CO001818,J000171,S6,SLEEPER,SL,72
CO001819,J000171,S7,SLEEPER,SL,72
CO001820,J000171,S8,SLEEPER,SL,72
CO001821,J000171,S9,SLEEPER,SL,72
CO001822,J000171,B1,AC_THREE_TIER,3A,64
CO001823,J000171,B2,AC_THREE_TIER,3A,64
CO001824,J000171,B3,AC_THREE_TIER,3A,64
CO001825,J000171,B4,AC_THREE_TIER,3A,64
CO001826,J000171,A1,AC_TWO_TIER,2A,48
CO001827,J000171,A2,AC_TWO_TIER,2A,48
CO001828,J000172,S1,SLEEPER,SL,72
CO001829,J000172,S2,SLEEPER,SL,72
CO001830,J000172,S3,SLEEPER,SL,72
CO001831,J000172,S4,SLEEPER,SL,72
CO001832,J000172,S5,SLEEPER,SL,72
CO001833,J000172,S6,SLEEPER,SL,72
CO001834,J000172,S7,SLEEPER,SL,72
CO001835,J000172,S8,SLEEPER,SL,72
CO001836,J000172,S9,SLEEPER,SL,72
CO001837,J000172,B1,AC_THREE_TIER,3A,64
CO001838,J000172,B2,AC_THREE_TIER,3A,64
CO001839,J000172,B3,AC_THREE_TIER,3A,64
CO001840,J000172,B4,AC_THREE_TIER,3A,64
CO001841,J000172,A1,AC_TWO_TIER,2A,48
CO001842,J000172,A2,AC_TWO_TIER,2A,48
CO001843,J000173,S1,SLEEPER,SL,72
CO001844,J000173,S2,SLEEPER,SL,72
CO001845,J000173,S3,SLEEPER,SL,72
CO001846,J000173,S4,SLEEPER,SL,72
CO001847,J000173,S5,SLEEPER,SL,72
CO001848,J000173,S6,SLEEPER,SL,72
CO001849,J000173,S7,SLEEPER,SL,72
CO001850,J000173,S8,SLEEPER,SL,72
CO001851,J000173,S9,SLEEPER,SL,72
CO001852,J000173,B1,AC_THREE_TIER,3A,64
CO001853,J000173,B2,AC_THREE_TIER,3A,64
CO001854,J000173,B3,AC_THREE_TIER,3A,64
CO001855,J000173,B4,AC_THREE_TIER,3A,64
CO001856,J000173,A1,AC_TWO_TIER,2A,48
CO001857,J000173,A2,AC_TWO_TIER,2A,48
CO001858,J000174,S1,SLEEPER,SL,72
CO001859,J000174,S2,SLEEPER,SL,72
CO001860,J000174,S3,SLEEPER,SL,72
CO001861,J000174,S4,SLEEPER,SL,72
CO001862,J000174,S5,SLEEPER,SL,72
CO001863,J000174,S6,SLEEPER,SL,72
CO001864,J000174,S7,SLEEPER,SL,72
CO001865,J000174,S8,SLEEPER,SL,72
CO001866,J000174,S9,SLEEPER,SL,72
CO001867,J000174,B1,AC_THREE_TIER,3A,64
CO001868,J000174,B2,AC_THREE_TIER,3A,64
CO001869,J000174,B3,AC_THREE_TIER,3A,64
CO001870,J000174,B4,AC_THREE_TIER,3A,64
CO001871,J000174,A1,AC_TWO_TIER,2A,48
CO001872,J000174,A2,AC_TWO_TIER,2A,48
CO001873,J000175,B1,AC_THREE_TIER,3A,64
CO001874,J000175,B2,AC_THREE_TIER,3A,64
CO001875,J000175,B3,AC_THREE_TIER,3A,64
CO001876,J000175,B4,AC_THREE_TIER,3A,64
CO001877,J000175,A1,AC_TWO_TIER,2A,48
CO001878,J000175,A2,AC_TWO_TIER,2A,48
CO001879,J000175,S1,SLEEPER,SL,72
CO001880,J000175,S2,SLEEPER,SL,72
CO001881,J000175,S3,SLEEPER,SL,72
CO001882,J000175,S4,SLEEPER,SL,72
CO001883,J000175,S5,SLEEPER,SL,72
CO001884,J000176,B1,AC_THREE_TIER,3A,64
CO001885,J000176,B2,AC_THREE_TIER,3A,64
CO001886,J000176,B3,AC_THREE_TIER,3A,64
CO001887,J000176,B4,AC_THREE_TIER,3A,64
CO001888,J000176,A1,AC_TWO_TIER,2A,48
CO001889,J000176,A2,AC_TWO_TIER,2A,48
CO001890,J000176,S1,SLEEPER,SL,72
CO001891,J000176,S2,SLEEPER,SL,72
CO001892,J000176,S3,SLEEPER,SL,72
CO001893,J000176,S4,SLEEPER,SL,72
CO001894,J000176,S5,SLEEPER,SL,72
CO001895,J000177,B1,AC_THREE_TIER,3A,64
CO001896,J000177,B2,AC_THREE_TIER,3A,64
CO001897,J000177,B3,AC_THREE_TIER,3A,64
CO001898,J000177,B4,AC_THREE_TIER,3A,64
CO001899,J000177,A1,AC_TWO_TIER,2A,48
CO001900,J000177,A2,AC_TWO_TIER,2A,48
CO001901,J000177,S1,SLEEPER,SL,72
CO001902,J000177,S2,SLEEPER,SL,72
CO001903,J000177,S3,SLEEPER,SL,72
CO001904,J000177,S4,SLEEPER,SL,72
CO001905,J000177,S5,SLEEPER,SL,72
CO001906,J000178,B1,AC_THREE_TIER,3A,64
CO001907,J000178,B2,AC_THREE_TIER,3A,64
CO001908,J000178,B3,AC_THREE_TIER,3A,64
CO001909,J000178,B4,AC_THREE_TIER,3A,64
CO001910,J000178,A1,AC_TWO_TIER,2A,48
CO001911,J000178,A2,AC_TWO_TIER,2A,48
CO001912,J000178,S1,SLEEPER,SL,72
CO001913,J000178,S2,SLEEPER,SL,72
CO001914,J000178,S3,SLEEPER,SL,72
CO001915,J000178,S4,SLEEPER,SL,72
CO001916,J000178,S5,SLEEPER,SL,72
CO001917,J000179,B1,AC_THREE_TIER,3A,64
CO001918,J000179,B2,AC_THREE_TIER,3A,64
CO001919,J000179,B3,AC_THREE_TIER,3A,64
CO001920,J000179,B4,AC_THREE_TIER,3A,64
CO001921,J000179,A1,AC_TWO_TIER,2A,48
CO001922,J000179,A2,AC_TWO_TIER,2A,48
CO001923,J000179,S1,SLEEPER,SL,72
CO001924,J000179,S2,SLEEPER,SL,72
CO001925,J000179,S3,SLEEPER,SL,72
CO001926,J000179,S4,SLEEPER,SL,72
CO001927,J000179,S5,SLEEPER,SL,72
CO001928,J000180,B1,AC_THREE_TIER,3A,64
CO001929,J000180,B2,AC_THREE_TIER,3A,64
CO001930,J000180,B3,AC_THREE_TIER,3A,64
CO001931,J000180,B4,AC_THREE_TIER,3A,64
CO001932,J000180,A1,AC_TWO_TIER,2A,48
CO001933,J000180,A2,AC_TWO_TIER,2A,48
CO001934,J000180,S1,SLEEPER,SL,72
CO001935,J000180,S2,SLEEPER,SL,72
CO001936,J000180,S3,SLEEPER,SL,72
CO001937,J000180,S4,SLEEPER,SL,72
CO001938,J000180,S5,SLEEPER,SL,72
