scenario_id,journey_id,booking_id,group_id,scenario_type,description,expected_system_behavior
SC0001,J000001,BK000001,GR000001,PRIMARY_DEMO,"Primary RailTogether demo: group members are on B2-31, B2-32, B2-57, B2-58; synthetic candidates are on B2-45, B2-46, B2-60.","Detect the split group, consider only willing candidates, calculate compatibility, and allow an application-level exchange request without treating it as an official railway reservation change."
SC0002,J000001,BK000002,GR000002,GROUP_TOGETHER,Synthetic booking BK000002 has a compact seat pattern; no unnecessary exchange target should be surfaced.,Recognize the group as already together and return zero or very few exchange suggestions.
SC0003,J000001,BK000003,GR000003,GROUP_TOGETHER,Synthetic booking BK000003 has a compact seat pattern; no unnecessary exchange target should be surfaced.,Recognize the group as already together and return zero or very few exchange suggestions.
SC0004,J000001,BK000004,GR000004,GROUP_TOGETHER,Synthetic booking BK000004 has a compact seat pattern; no unnecessary exchange target should be surfaced.,Recognize the group as already together and return zero or very few exchange suggestions.
SC0005,J000001,BK000005,GR000005,GROUP_TOGETHER,Synthetic booking BK000005 has a compact seat pattern; no unnecessary exchange target should be surfaced.,Recognize the group as already together and return zero or very few exchange suggestions.
SC0006,J000001,BK000007,GR000007,GROUP_TOGETHER,Synthetic booking BK000007 has a compact seat pattern; no unnecessary exchange target should be surfaced.,Recognize the group as already together and return zero or very few exchange suggestions.
SC0007,J000001,BK000008,GR000008,GROUP_TOGETHER,Synthetic booking BK000008 has a compact seat pattern; no unnecessary exchange target should be surfaced.,Recognize the group as already together and return zero or very few exchange suggestions.
SC0008,J000001,BK000030,GR000030,GROUP_SPLIT,Synthetic booking BK000030 has intentionally separated group members for matching tests.,Identify that the booking's group is separated and treat it as a valid grouping problem.
SC0009,J000001,BK000031,GR000031,GROUP_SPLIT,Synthetic booking BK000031 has intentionally separated group members for matching tests.,Identify that the booking's group is separated and treat it as a valid grouping problem.
SC0010,J000001,BK000032,GR000032,GROUP_SPLIT,Synthetic booking BK000032 has intentionally separated group members for matching tests.,Identify that the booking's group is separated and treat it as a valid grouping problem.
SC0011,J000001,BK000034,GR000034,GROUP_SPLIT,Synthetic booking BK000034 has intentionally separated group members for matching tests.,Identify that the booking's group is separated and treat it as a valid grouping problem.
SC0012,J000001,BK000035,GR000035,GROUP_SPLIT,Synthetic booking BK000035 has intentionally separated group members for matching tests.,Identify that the booking's group is separated and treat it as a valid grouping problem.
SC0013,J000001,BK000036,GR000036,GROUP_SPLIT,Synthetic booking BK000036 has intentionally separated group members for matching tests.,Identify that the booking's group is separated and treat it as a valid grouping problem.
SC0014,J000001,BK000030,GR000030,EASY_EXCHANGE,"Target seat B1-10 has a same-coach, same-class willing passenger at B1-40.",Identify the willing passenger as a potential exchange candidate and calculate compatibility; do not auto-complete the exchange.
SC0015,J000001,BK000030,GR000030,EASY_EXCHANGE,Variant 1: synthetic easy-exchange candidate remains voluntary and must be evaluated from current preference inputs.,Show a potential candidate only when current eligibility and matching constraints permit it.
SC0016,J000001,BK000030,GR000030,EASY_EXCHANGE,Variant 2: synthetic easy-exchange candidate remains voluntary and must be evaluated from current preference inputs.,Show a potential candidate only when current eligibility and matching constraints permit it.
SC0017,J000001,BK000030,GR000030,EASY_EXCHANGE,Variant 3: synthetic easy-exchange candidate remains voluntary and must be evaluated from current preference inputs.,Show a potential candidate only when current eligibility and matching constraints permit it.
SC0018,J000001,BK000030,GR000030,EASY_EXCHANGE,Variant 4: synthetic easy-exchange candidate remains voluntary and must be evaluated from current preference inputs.,Show a potential candidate only when current eligibility and matching constraints permit it.
SC0019,J000001,BK000030,GR000030,EASY_EXCHANGE,Variant 5: synthetic easy-exchange candidate remains voluntary and must be evaluated from current preference inputs.,Show a potential candidate only when current eligibility and matching constraints permit it.
SC0020,J000001,BK000030,GR000030,NOT_WILLING_TO_EXCHANGE,Candidate seat B1-62 is occupied by a passenger whose consent flag is FALSE (variant 1).,Do not recommend the passenger as an exchange target.
SC0021,J000001,BK000030,GR000030,NOT_WILLING_TO_EXCHANGE,Candidate seat B1-62 is occupied by a passenger whose consent flag is FALSE (variant 2).,Do not recommend the passenger as an exchange target.
SC0022,J000001,BK000030,GR000030,NOT_WILLING_TO_EXCHANGE,Candidate seat B1-62 is occupied by a passenger whose consent flag is FALSE (variant 3).,Do not recommend the passenger as an exchange target.
SC0023,J000001,BK000030,GR000030,NOT_WILLING_TO_EXCHANGE,Candidate seat B1-62 is occupied by a passenger whose consent flag is FALSE (variant 4).,Do not recommend the passenger as an exchange target.
SC0024,J000001,BK000030,GR000030,NOT_WILLING_TO_EXCHANGE,Candidate seat B1-62 is occupied by a passenger whose consent flag is FALSE (variant 5).,Do not recommend the passenger as an exchange target.
SC0025,J000001,BK000030,GR000030,NOT_WILLING_TO_EXCHANGE,Candidate seat B1-62 is occupied by a passenger whose consent flag is FALSE (variant 6).,Do not recommend the passenger as an exchange target.
SC0026,J000001,BK000030,GR000030,MULTIPLE_POSSIBLE_EXCHANGES,"Three eligible candidate seats (B1-39, B1-40, B1-41) are available in the same journey (variant 1).",Calculate distinct compatibility scores and display multiple voluntary options rather than a hard-coded winner.
SC0027,J000001,BK000030,GR000030,MULTIPLE_POSSIBLE_EXCHANGES,"Three eligible candidate seats (B1-39, B1-40, B1-41) are available in the same journey (variant 2).",Calculate distinct compatibility scores and display multiple voluntary options rather than a hard-coded winner.
SC0028,J000001,BK000030,GR000030,MULTIPLE_POSSIBLE_EXCHANGES,"Three eligible candidate seats (B1-39, B1-40, B1-41) are available in the same journey (variant 3).",Calculate distinct compatibility scores and display multiple voluntary options rather than a hard-coded winner.
SC0029,J000001,BK000030,GR000030,MULTIPLE_POSSIBLE_EXCHANGES,"Three eligible candidate seats (B1-39, B1-40, B1-41) are available in the same journey (variant 4).",Calculate distinct compatibility scores and display multiple voluntary options rather than a hard-coded winner.
SC0030,J000001,BK000030,GR000030,MULTIPLE_POSSIBLE_EXCHANGES,"Three eligible candidate seats (B1-39, B1-40, B1-41) are available in the same journey (variant 5).",Calculate distinct compatibility scores and display multiple voluntary options rather than a hard-coded winner.
SC0031,J000001,BK000030,GR000030,MULTIPLE_POSSIBLE_EXCHANGES,"Three eligible candidate seats (B1-39, B1-40, B1-41) are available in the same journey (variant 6).",Calculate distinct compatibility scores and display multiple voluntary options rather than a hard-coded winner.
SC0032,J000001,BK000001,GR000001,SAME_COACH_PREFERENCE,Passenger P000001 allows exchange only within B2 but a willing candidate is in S2 (variant 1).,Exclude the cross-coach candidate when same-coach restriction is active.
SC0033,J000001,BK000001,GR000001,SAME_COACH_PREFERENCE,Passenger P000001 allows exchange only within B2 but a willing candidate is in S2 (variant 2).,Exclude the cross-coach candidate when same-coach restriction is active.
SC0034,J000001,BK000001,GR000001,SAME_COACH_PREFERENCE,Passenger P000001 allows exchange only within B2 but a willing candidate is in S2 (variant 3).,Exclude the cross-coach candidate when same-coach restriction is active.
SC0035,J000001,BK000001,GR000001,SAME_COACH_PREFERENCE,Passenger P000001 allows exchange only within B2 but a willing candidate is in S2 (variant 4).,Exclude the cross-coach candidate when same-coach restriction is active.
SC0036,J000001,BK000001,GR000001,SAME_COACH_PREFERENCE,Passenger P000001 allows exchange only within B2 but a willing candidate is in S2 (variant 5).,Exclude the cross-coach candidate when same-coach restriction is active.
SC0037,J000001,BK000001,GR000001,SAME_COACH_PREFERENCE,Passenger P000001 allows exchange only within B2 but a willing candidate is in S2 (variant 6).,Exclude the cross-coach candidate when same-coach restriction is active.
SC0038,J000001,BK000001,GR000001,DIFFERENT_CLASS,Target passenger in class 3A has a willing candidate in class SL (variant 1).,Reject the different-class candidate when the exchange-same-class rule is active.
SC0039,J000001,BK000001,GR000001,DIFFERENT_CLASS,Target passenger in class 3A has a willing candidate in class SL (variant 2).,Reject the different-class candidate when the exchange-same-class rule is active.
SC0040,J000001,BK000001,GR000001,DIFFERENT_CLASS,Target passenger in class 3A has a willing candidate in class SL (variant 3).,Reject the different-class candidate when the exchange-same-class rule is active.
SC0041,J000001,BK000001,GR000001,DIFFERENT_CLASS,Target passenger in class 3A has a willing candidate in class SL (variant 4).,Reject the different-class candidate when the exchange-same-class rule is active.
SC0042,J000001,BK000001,GR000001,DIFFERENT_CLASS,Target passenger in class 3A has a willing candidate in class SL (variant 5).,Reject the different-class candidate when the exchange-same-class rule is active.
SC0043,J000001,BK000001,GR000001,DIFFERENT_CLASS,Target passenger in class 3A has a willing candidate in class SL (variant 6).,Reject the different-class candidate when the exchange-same-class rule is active.
SC0044,J000001,BK000029,GR000029,BERTH_COMPATIBILITY,Synthetic senior passenger P000088 prefers LOWER; candidate seat B2-31 is also LOWER (variant 1).,Use berth preference as a compatibility signal without overriding consent or class/coach restrictions.
SC0045,J000001,BK000029,GR000029,BERTH_COMPATIBILITY,Synthetic senior passenger P000088 prefers LOWER; candidate seat B2-31 is also LOWER (variant 2).,Use berth preference as a compatibility signal without overriding consent or class/coach restrictions.
SC0046,J000001,BK000029,GR000029,BERTH_COMPATIBILITY,Synthetic senior passenger P000088 prefers LOWER; candidate seat B2-31 is also LOWER (variant 3).,Use berth preference as a compatibility signal without overriding consent or class/coach restrictions.
SC0047,J000001,BK000029,GR000029,BERTH_COMPATIBILITY,Synthetic senior passenger P000088 prefers LOWER; candidate seat B2-31 is also LOWER (variant 4).,Use berth preference as a compatibility signal without overriding consent or class/coach restrictions.
SC0048,J000001,BK000029,GR000029,BERTH_COMPATIBILITY,Synthetic senior passenger P000088 prefers LOWER; candidate seat B2-31 is also LOWER (variant 5).,Use berth preference as a compatibility signal without overriding consent or class/coach restrictions.
SC0049,J000001,BK000029,GR000029,BERTH_COMPATIBILITY,Synthetic senior passenger P000088 prefers LOWER; candidate seat B2-31 is also LOWER (variant 6).,Use berth preference as a compatibility signal without overriding consent or class/coach restrictions.
SC0050,J000002,BK000090,GR000090,NO_POSSIBLE_MATCH,Split group BK000090 has no voluntary compatible candidate after applying explicit consent and coach/class restrictions (variant 1).,Show 'No suitable voluntary exchange found.' and do not fabricate a match.
SC0051,J000002,BK000090,GR000090,NO_POSSIBLE_MATCH,Split group BK000090 has no voluntary compatible candidate after applying explicit consent and coach/class restrictions (variant 2).,Show 'No suitable voluntary exchange found.' and do not fabricate a match.
SC0052,J000002,BK000090,GR000090,NO_POSSIBLE_MATCH,Split group BK000090 has no voluntary compatible candidate after applying explicit consent and coach/class restrictions (variant 3).,Show 'No suitable voluntary exchange found.' and do not fabricate a match.
SC0053,J000002,BK000090,GR000090,NO_POSSIBLE_MATCH,Split group BK000090 has no voluntary compatible candidate after applying explicit consent and coach/class restrictions (variant 4).,Show 'No suitable voluntary exchange found.' and do not fabricate a match.
SC0054,J000002,BK000090,GR000090,NO_POSSIBLE_MATCH,Split group BK000090 has no voluntary compatible candidate after applying explicit consent and coach/class restrictions (variant 5).,Show 'No suitable voluntary exchange found.' and do not fabricate a match.
SC0055,J000002,BK000090,GR000090,NO_POSSIBLE_MATCH,Split group BK000090 has no voluntary compatible candidate after applying explicit consent and coach/class restrictions (variant 6).,Show 'No suitable voluntary exchange found.' and do not fabricate a match.
SC0056,J000100,BK006634,GR006634,MULTIPLE_GROUPS_IN_SAME_COACH,Coach C2 contains multiple unrelated groups (variant 1).,Keep group membership isolated by group_id and never assume all passengers in a coach belong together.
SC0057,J000100,BK006634,GR006634,MULTIPLE_GROUPS_IN_SAME_COACH,Coach C2 contains multiple unrelated groups (variant 2).,Keep group membership isolated by group_id and never assume all passengers in a coach belong together.
SC0058,J000100,BK006634,GR006634,MULTIPLE_GROUPS_IN_SAME_COACH,Coach C2 contains multiple unrelated groups (variant 3).,Keep group membership isolated by group_id and never assume all passengers in a coach belong together.
SC0059,J000100,BK006634,GR006634,MULTIPLE_GROUPS_IN_SAME_COACH,Coach C2 contains multiple unrelated groups (variant 4).,Keep group membership isolated by group_id and never assume all passengers in a coach belong together.
SC0060,J000100,BK006634,GR006634,MULTIPLE_GROUPS_IN_SAME_COACH,Coach C2 contains multiple unrelated groups (variant 5).,Keep group membership isolated by group_id and never assume all passengers in a coach belong together.
SC0061,J000100,BK006634,GR006634,MULTIPLE_GROUPS_IN_SAME_COACH,Coach C2 contains multiple unrelated groups (variant 6).,Keep group membership isolated by group_id and never assume all passengers in a coach belong together.
SC0062,J000001,BK000027,GR000027,LARGE_GROUP,Large synthetic group BK000027 contains 7–8 passengers for scalability testing.,Handle groups of six to eight passengers and detect partial separation correctly.
SC0063,J000001,BK000030,GR000030,LARGE_GROUP,Large synthetic group BK000030 contains 7–8 passengers for scalability testing.,Handle groups of six to eight passengers and detect partial separation correctly.
SC0064,J000001,BK000038,GR000038,LARGE_GROUP,Large synthetic group BK000038 contains 7–8 passengers for scalability testing.,Handle groups of six to eight passengers and detect partial separation correctly.
SC0065,J000001,BK000048,GR000048,LARGE_GROUP,Large synthetic group BK000048 contains 7–8 passengers for scalability testing.,Handle groups of six to eight passengers and detect partial separation correctly.
SC0066,J000001,BK000051,GR000051,LARGE_GROUP,Large synthetic group BK000051 contains 7–8 passengers for scalability testing.,Handle groups of six to eight passengers and detect partial separation correctly.
SC0067,J000002,BK000133,GR000133,LARGE_GROUP,Large synthetic group BK000133 contains 7–8 passengers for scalability testing.,Handle groups of six to eight passengers and detect partial separation correctly.
SC0068,J000001,BK000023,GR000023,CHILD_WITH_FAMILY,Booking BK000023 includes a synthetic child passenger associated with the family/group.,Keep the child linked to the same travelling group and consider that relationship in matching inputs.
SC0069,J000003,BK000161,GR000161,CHILD_WITH_FAMILY,Booking BK000161 includes a synthetic child passenger associated with the family/group.,Keep the child linked to the same travelling group and consider that relationship in matching inputs.
SC0070,J000003,BK000184,GR000184,CHILD_WITH_FAMILY,Booking BK000184 includes a synthetic child passenger associated with the family/group.,Keep the child linked to the same travelling group and consider that relationship in matching inputs.
SC0071,J000004,BK000230,GR000230,CHILD_WITH_FAMILY,Booking BK000230 includes a synthetic child passenger associated with the family/group.,Keep the child linked to the same travelling group and consider that relationship in matching inputs.
SC0072,J000005,BK000299,GR000299,CHILD_WITH_FAMILY,Booking BK000299 includes a synthetic child passenger associated with the family/group.,Keep the child linked to the same travelling group and consider that relationship in matching inputs.
SC0073,J000007,BK000414,GR000414,CHILD_WITH_FAMILY,Booking BK000414 includes a synthetic child passenger associated with the family/group.,Keep the child linked to the same travelling group and consider that relationship in matching inputs.
SC0074,J000001,BK000029,GR000029,ELDERLY_PASSENGER,Synthetic senior passenger P000088 has a LOWER berth preference (variant 1).,Include the lower-berth preference in compatibility scoring without using medical information.
SC0075,J000001,BK000058,GR000058,ELDERLY_PASSENGER,Synthetic senior passenger P000190 has a LOWER berth preference (variant 2).,Include the lower-berth preference in compatibility scoring without using medical information.
SC0076,J000002,BK000087,GR000087,ELDERLY_PASSENGER,Synthetic senior passenger P000260 has a LOWER berth preference (variant 3).,Include the lower-berth preference in compatibility scoring without using medical information.
SC0077,J000002,BK000116,GR000116,ELDERLY_PASSENGER,Synthetic senior passenger P000343 has a LOWER berth preference (variant 4).,Include the lower-berth preference in compatibility scoring without using medical information.
SC0078,J000003,BK000174,GR000174,ELDERLY_PASSENGER,Synthetic senior passenger P000531 has a LOWER berth preference (variant 5).,Include the lower-berth preference in compatibility scoring without using medical information.
SC0079,J000004,BK000232,GR000232,ELDERLY_PASSENGER,Synthetic senior passenger P000719 has a LOWER berth preference (variant 6).,Include the lower-berth preference in compatibility scoring without using medical information.
SC0080,J000001,BK000030,GR000030,PENDING_EXCHANGE,Passenger P000097 is in the synthetic application state ALREADY_IN_PENDING_REQUEST (variant 1).,Do not offer unlimited conflicting requests for the same passenger; the application state is not an official railway reservation change.
SC0081,J000001,BK000035,GR000035,CONFIRMED_EXCHANGE,Passenger P000113 is in the synthetic application state ALREADY_CONFIRMED_SWAP (variant 1).,Do not offer unlimited conflicting requests for the same passenger; the application state is not an official railway reservation change.
SC0082,J000001,BK000030,GR000030,PENDING_EXCHANGE,Passenger P000097 is in the synthetic application state ALREADY_IN_PENDING_REQUEST (variant 2).,Do not offer unlimited conflicting requests for the same passenger; the application state is not an official railway reservation change.
SC0083,J000001,BK000035,GR000035,CONFIRMED_EXCHANGE,Passenger P000113 is in the synthetic application state ALREADY_CONFIRMED_SWAP (variant 2).,Do not offer unlimited conflicting requests for the same passenger; the application state is not an official railway reservation change.
SC0084,J000001,BK000030,GR000030,PENDING_EXCHANGE,Passenger P000097 is in the synthetic application state ALREADY_IN_PENDING_REQUEST (variant 3).,Do not offer unlimited conflicting requests for the same passenger; the application state is not an official railway reservation change.
SC0085,J000001,BK000035,GR000035,CONFIRMED_EXCHANGE,Passenger P000113 is in the synthetic application state ALREADY_CONFIRMED_SWAP (variant 3).,Do not offer unlimited conflicting requests for the same passenger; the application state is not an official railway reservation change.
SC0086,J000001,BK000030,GR000030,PENDING_EXCHANGE,Passenger P000097 is in the synthetic application state ALREADY_IN_PENDING_REQUEST (variant 4).,Do not offer unlimited conflicting requests for the same passenger; the application state is not an official railway reservation change.
SC0087,J000001,BK000035,GR000035,CONFIRMED_EXCHANGE,Passenger P000113 is in the synthetic application state ALREADY_CONFIRMED_SWAP (variant 4).,Do not offer unlimited conflicting requests for the same passenger; the application state is not an official railway reservation change.
SC0088,J000001,BK000030,GR000030,PENDING_EXCHANGE,Passenger P000097 is in the synthetic application state ALREADY_IN_PENDING_REQUEST (variant 5).,Do not offer unlimited conflicting requests for the same passenger; the application state is not an official railway reservation change.
SC0089,J000001,BK000035,GR000035,CONFIRMED_EXCHANGE,Passenger P000113 is in the synthetic application state ALREADY_CONFIRMED_SWAP (variant 5).,Do not offer unlimited conflicting requests for the same passenger; the application state is not an official railway reservation change.
SC0090,J000001,BK000030,GR000030,PENDING_EXCHANGE,Passenger P000097 is in the synthetic application state ALREADY_IN_PENDING_REQUEST (variant 6).,Do not offer unlimited conflicting requests for the same passenger; the application state is not an official railway reservation change.
SC0091,J000001,BK000035,GR000035,CONFIRMED_EXCHANGE,Passenger P000113 is in the synthetic application state ALREADY_CONFIRMED_SWAP (variant 6).,Do not offer unlimited conflicting requests for the same passenger; the application state is not an official railway reservation change.
SC0092,J000002,BK000100,GR000100,CANCELLED_BOOKING,Cancelled booking BK000100 must not appear in active exchange suggestions.,Exclude cancelled passengers from active exchange candidates.
SC0093,J000003,BK000200,GR000200,CANCELLED_BOOKING,Cancelled booking BK000200 must not appear in active exchange suggestions.,Exclude cancelled passengers from active exchange candidates.
SC0094,J000005,BK000300,GR000300,CANCELLED_BOOKING,Cancelled booking BK000300 must not appear in active exchange suggestions.,Exclude cancelled passengers from active exchange candidates.
SC0095,J000006,BK000400,GR000400,CANCELLED_BOOKING,Cancelled booking BK000400 must not appear in active exchange suggestions.,Exclude cancelled passengers from active exchange candidates.
SC0096,J000008,BK000500,GR000500,CANCELLED_BOOKING,Cancelled booking BK000500 must not appear in active exchange suggestions.,Exclude cancelled passengers from active exchange candidates.
SC0097,J000009,BK000600,GR000600,CANCELLED_BOOKING,Cancelled booking BK000600 must not appear in active exchange suggestions.,Exclude cancelled passengers from active exchange candidates.
SC0098,J000001,BK000033,GR000033,WAITLIST_RAC,RAC/waitlist booking BK000033 is a non-confirmed test record.,Keep RAC/waitlisted records out of confirmed-seat exchange matching unless explicitly represented by a business rule.
SC0099,J000001,BK000040,GR000040,WAITLIST_RAC,RAC/waitlist booking BK000040 is a non-confirmed test record.,Keep RAC/waitlisted records out of confirmed-seat exchange matching unless explicitly represented by a business rule.
SC0100,J000001,BK000066,GR000066,WAITLIST_RAC,RAC/waitlist booking BK000066 is a non-confirmed test record.,Keep RAC/waitlisted records out of confirmed-seat exchange matching unless explicitly represented by a business rule.
SC0101,J000002,BK000080,GR000080,WAITLIST_RAC,RAC/waitlist booking BK000080 is a non-confirmed test record.,Keep RAC/waitlisted records out of confirmed-seat exchange matching unless explicitly represented by a business rule.
SC0102,J000002,BK000099,GR000099,WAITLIST_RAC,RAC/waitlist booking BK000099 is a non-confirmed test record.,Keep RAC/waitlisted records out of confirmed-seat exchange matching unless explicitly represented by a business rule.
SC0103,J000002,BK000120,GR000120,WAITLIST_RAC,RAC/waitlist booking BK000120 is a non-confirmed test record.,Keep RAC/waitlisted records out of confirmed-seat exchange matching unless explicitly represented by a business rule.
